case,literature,gear,,,target.species,No.species,target.species.ratio,Species,scientific name,weight.ratio,Group,scenario,note
1,1,ÈıÖØ´ÌÍø-¶¨ÖÃ,,,mantis shrimp,19,0.94,mantis.shrimp,Oratosquilla oratoria,0.94,shrimp,,
1,1,ÈıÖØ´ÌÍø-¶¨ÖÃ,,,mantis shrimp,19,0.94,Chinses.snapping.shrimp,Alpheus digitalis,0.03,shrimp,,
1,1,ÈıÖØ´ÌÍø-¶¨ÖÃ,,,mantis shrimp,19,0.94,trash.fish,,0.03,trash.fish,,
2,1,ÈıÖØ´ÌÍø-Æ¯Á÷,,,mantis shrimp,19,0.77,mantis.shrimp,Oratosquilla oratoria,0.79,shrimp,,
2,1,ÈıÖØ´ÌÍø-Æ¯Á÷,,,mantis shrimp,19,0.77,small.yellow.croaker,Larimichthys polyactis,0.05,fish,,
2,1,ÈıÖØ´ÌÍø-Æ¯Á÷,,,mantis shrimp,19,0.77,chaeturichthys.stigmatias,Amblychaeturichthys hexanema,0.02,fish,,
2,1,ÈıÖØ´ÌÍø-Æ¯Á÷,,,mantis shrimp,19,0.77,yellow.goosefish,Lophius litulon,0.05,fish,,
2,1,ÈıÖØ´ÌÍø-Æ¯Á÷,,,mantis shrimp,19,0.77,Chinses.snapping.shrimp,Alpheus distinguendus de Man,0.05,shrimp,,
2,1,ÈıÖØ´ÌÍø-Æ¯Á÷,,,mantis shrimp,19,0.77,Japanese.stone.crab,Charybdis japonica,0.01,crab,,
2,1,ÈıÖØ´ÌÍø-Æ¯Á÷,,,mantis shrimp,19,0.77,trash.fish,,0.02,trash.fish,,
3,1,µ¥Æ¬´ÌÍø-¶¨ÖÃ,,,mantis shrimp,3,0.96,mantis.shrimp,Oratosquilla oratoria,0.96,shrimp,,
3,1,µ¥Æ¬´ÌÍø-¶¨ÖÃ,,,mantis shrimp,3,0.96,Chinses.snapping.shrimp,Alpheus distinguendus de Man,0.04,shrimp,,
4,1,µ¥Æ¬´ÌÍø-Æ¯Á÷,,,mantis shrimp,6,0.79,mantis.shrimp,Oratosquilla oratoria,0.79,shrimp,,
4,1,µ¥Æ¬´ÌÍø-Æ¯Á÷,,,mantis shrimp,6,0.79,Yellow croaker,Larimichthys polyactis,0.18,fish,,
4,1,µ¥Æ¬´ÌÍø-Æ¯Á÷,,,mantis shrimp,6,0.79,chaeturichthys.stigmatias,Amblychaeturichthys hexanema,0.01,fish,,
4,1,µ¥Æ¬´ÌÍø-Æ¯Á÷,,,mantis shrimp,6,0.79,trash.fish,,0.02,trash.fish,,
5,2,èì¸ËÏºÍÏÍø,,,shrimp,135,0.28,spear.littoral.shrimp,Parapenaeopsis hardwickii,0.12,shrimp,,
5,2,èì¸ËÏºÍÏÍø,,,shrimp,135,0.28,coastal.mud.shrimp,Solenocera crassicornis,0.06,shrimp,,
5,2,èì¸ËÏºÍÏÍø,,,shrimp,135,0.28,trash.fish,,0.82,trash.fish,,
6,3,µÆ¹âÕÖÍø,,,squid+pelagic,92,0.96,kite.squid,Symplectoteuthis oualaniensis,0.48,,,
6,3,µÆ¹âÕÖÍø,,,squid+pelagic,92,0.96,skipjack.tuna,Katsuwonus pelamis,0.32,fish,,
6,3,µÆ¹âÕÖÍø,,,squid+pelagic,92,0.96,frigate.tuna,Auxis tapeinosoma,0.07,fish,,
6,3,µÆ¹âÕÖÍø,,,squid+pelagic,92,0.96,Kawakawa,Euthynnus yaito,0.04,fish,,
6,3,µÆ¹âÕÖÍø,,,squid+pelagic,92,0.96,frigate.tuna,Auxis thazard,0.03,fish,,
6,3,µÆ¹âÕÖÍø,,,squid+pelagic,92,0.96,yellowfin.tuna,Thunnus albacores,0.01,fish,,
6,3,µÆ¹âÕÖÍø,,,squid+pelagic,92,0.96,Atlantic pomfret,brama japonica,0.01,fish,,
6,3,µÆ¹âÕÖÍø,,,squid+pelagic,92,0.96,trash.fish,,0.04,trash.fish,,
7,4,µ¥Æ¬´ÌÍø,,,NA,26,NA,NA,NA,NA,NA,µ¥Æ¬´ÌÍø,index.available; 50mm
8,4,Ë«ÖØ´ÌÍø,,,NA,30,NA,NA,NA,NA,NA,Ë«ÖØ´ÌÍø,index.available; 50mm
9,4,ÈıÖØ´ÌÍø,,,NA,31,NA,NA,NA,NA,NA,ÈıÖØ´ÌÍø,index.available; 50mm
10,5,ÕÅÍø,,,NA,46,NA,Commerson's.anchovy,Stolephorus commersonii,0.02,fish,,
10,5,ÕÅÍø,,,NA,46,NA,Osbeck's.grenadier.anchovy,Coilia mystus,0.04,fish,,
10,5,ÕÅÍø,,,NA,46,NA,blunt-toothed.crab,Charybdis truncate,0.05,crab,,
10,5,ÕÅÍø,,,NA,46,NA,jinga.shrimp,Metapenaeus affinis,0.02,shrimp,,
10,5,ÕÅÍø,,,NA,46,NA,Orangefin.ponyfish,Leiognathus bindus,0.02,fish,,
10,5,ÕÅÍø,,,NA,46,NA,blacktip.sardinella,Sardinella melanura,0.03,fish,,
10,5,ÕÅÍø,,,NA,46,NA,Rubicundus eelgoby ,Odontamblyopus rubicundus,0.03,fish,,
10,5,ÕÅÍø,,,NA,46,NA,greasy-back.shrimp,Metapenaeus ensis,0.01,shrimp,,
10,5,ÕÅÍø,,,NA,46,NA,speckled.tonguesole,Cynoglossus puncticeps,0.01,fish,,
10,5,ÕÅÍø,,,NA,46,NA,"dog,shrimp",Parapenaeopsis hungerfordi,0.01,shrimp,,
10,5,ÕÅÍø,,,NA,46,NA,light.maigre,collichthys lucidus,0.03,fish,,
10,5,ÕÅÍø,,,NA,46,NA,broadbanded.cardinalfish,Apogon quadrifasciatus,0.01,fish,,
10,5,ÕÅÍø,,,NA,46,NA,Bombay-duck,Harpodon nehereus,0.01,fish,,
10,5,ÕÅÍø,,,NA,46,NA,Belanger's.croaker,Johnius belengeri,0.01,fish,,
10,5,ÕÅÍø,,,NA,46,NA,dotted.gizzard.shad,Konosirus?punctatus,0.01,fish,,
10,5,ÕÅÍø,,,NA,46,NA,flathead.grey.mullet,Mugil cephalus,0.01,fish,,
10,5,ÕÅÍø,,,NA,46,NA,trash.fish,,0.68,trash.fish,,
11,6,Ë«×®Êú¸ËÕÅÍø,,,NA,48,NA,Pacific.sandlance,Ammodytes personatus,0.31,fish,30mmÁâÄ¿ÍøÄÒ,
11,6,Ë«×®Êú¸ËÕÅÍø,,,NA,48,NA,seaweed.pipefish,Syngnathus schlegeli,0.11,fish,30mmÁâÄ¿ÍøÄÒ,
11,6,Ë«×®Êú¸ËÕÅÍø,,,NA,48,NA,pinkgray.goby,Amblychaeturichthys hexanema,0.08,fish,30mmÁâÄ¿ÍøÄÒ,
11,6,Ë«×®Êú¸ËÕÅÍø,,,NA,48,NA,fat.greenling,Hexagrammos otakii,0.05,fish,30mmÁâÄ¿ÍøÄÒ,
11,6,Ë«×®Êú¸ËÕÅÍø,,,NA,48,NA,kammal.thryssa,Thrissa kammalensis,0.08,fish,30mmÁâÄ¿ÍøÄÒ,
11,6,Ë«×®Êú¸ËÕÅÍø,,,NA,48,NA,trash.fish,,0.37,trash.fish,30mmÁâÄ¿ÍøÄÒ,
12,6,Ë«×®Êú¸ËÕÅÍø,,,NA,48,NA,pinkgray.goby,Amblychaeturichthys hexanema,0.07,fish,30mm·½Ä¿ÍøÄÒ,
12,6,Ë«×®Êú¸ËÕÅÍø,,,NA,48,NA,fat.greenling,Hexagrammos otakii,0.01,fish,31mm·½Ä¿ÍøÄÒ,
12,6,Ë«×®Êú¸ËÕÅÍø,,,NA,48,NA,kammal.thryssa,Thrissa kammalensis,0.03,fish,32mm·½Ä¿ÍøÄÒ,
12,6,Ë«×®Êú¸ËÕÅÍø,,,NA,48,NA,trash.fish,,0.89,trash.fish,33mm·½Ä¿ÍøÄÒ,
13,7,·«ÕÅÍø,,,small yellow croaker+hairtail,30,0.74,largehead.hairtail,Trichiurus haumela,0.57,fish,,
13,7,·«ÕÅÍø,,,small yellow croaker+hairtail,30,0.74,small.yellow.croaker,Larimichthys polyactis,0.17,fish,,
13,7,·«ÕÅÍø,,,small yellow croaker+hairtail,30,0.74,silver.pomfret,Pampus argenteus,0.05,fish,,
13,7,·«ÕÅÍø,,,small yellow croaker+hairtail,30,0.74,light.maigre,collichthys lucidus,0.03,fish,,
13,7,·«ÕÅÍø,,,small yellow croaker+hairtail,30,0.74,Bombay-duck,Harpodon nehereus,0.01,fish,,
13,7,·«ÕÅÍø,,,small yellow croaker+hairtail,30,0.74,swimming.crab,Portunus trituberculatus,0.03,crab,,
13,7,·«ÕÅÍø,,,small yellow croaker+hairtail,30,0.74,red-spotted.swimming.crab,Portunus sanguinolentus,0.02,crab,,
13,7,·«ÕÅÍø,,,small yellow croaker+hairtail,30,0.74,flathead.grey.mullet,Mugil cephalus,0.01,fish,,
13,7,·«ÕÅÍø,,,small yellow croaker+hairtail,30,0.74,daggertooth.pike.conger,Muraenesox cinereus,0.01,fish,,
13,7,·«ÕÅÍø,,,small yellow croaker+hairtail,30,0.74,trash.fish,,0.1,trash.fish,,
14,8,µÆ¹âÕÖÍø,,,squid+pelagic,46,0.99,kite.squid,Symplectoteuthis oualaniensis,0.96,,,
14,8,µÆ¹âÕÖÍø,,,squid+pelagic,46,0.99,shortfin.scad,Decapterus macrosoma,0.01,fish,,
14,8,µÆ¹âÕÖÍø,,,squid+pelagic,46,0.99,yellowfin.tuna,Thunnus albacaes,0.01,fish,,
14,8,µÆ¹âÕÖÍø,,,squid+pelagic,46,0.99,trash.fish,,0.02,trash.fish,,
15,9,èì¸ËÏºÍÏÍø,,,shrimp,71,0.97,Kuruma.prawn,Marsupenaeus japonicus,0.35,shrimp,,
15,9,èì¸ËÏºÍÏÍø,,,shrimp,71,0.97,greasy-back.shrimp,Metapenaeus ensis,0.22,shrimp,,
15,9,èì¸ËÏºÍÏÍø,,,shrimp,71,0.97,jinga.shrimp,Metapenaeus affinis,0.18,shrimp,,
15,9,èì¸ËÏºÍÏÍø,,,shrimp,71,0.97,Shiba.shrimp,Metapenaeus joyneri,0.21,shrimp,,
15,9,èì¸ËÏºÍÏÍø,,,shrimp,71,0.97,"dog,shrimp",Parapenaeopsis hungerfordi,0.01,shrimp,,
15,9,èì¸ËÏºÍÏÍø,,,shrimp,71,0.97,trash.fish,,0.03,trash.fish,,
16,10,èì¸ËÏºÍÏÍø,,,shrimp,36,0.35,spear.littoral.shrimp,Parapenaeopsis hardwickii,0.14,shrimp,,
16,10,èì¸ËÏºÍÏÍø,,,shrimp,36,0.35,coastal.mud.shrimp,Solenocera crassicornis,0.07,shrimp,,
16,10,èì¸ËÏºÍÏÍø,,,shrimp,36,0.35,high.ridge.mud.shrimp,Solenocera alticarinata,0.07,shrimp,,
16,10,èì¸ËÏºÍÏÍø,,,shrimp,36,0.35,mantis.shrimp,Oratosquilla oratoria,0.04,shrimp,,
16,10,èì¸ËÏºÍÏÍø,,,shrimp,36,0.35,white-hair.rough.shrimp,Trachypenaeus curvirostris,0.01,shrimp,,
16,10,èì¸ËÏºÍÏÍø,,,shrimp,36,0.35,Three-lined.tongue.sole,Cynoglossus abbreviatus,0.03,fish,,
16,10,èì¸ËÏºÍÏÍø,,,shrimp,36,0.35,swimming.crab,Portunus trituberculatus,0.15,crab,,
16,10,èì¸ËÏºÍÏÍø,,,shrimp,36,0.35,Kuruma.prawn,Marsupenaeus japonicus,0.02,shrimp,,
16,10,èì¸ËÏºÍÏÍø,,,shrimp,36,0.35,light.maigre,collichthys lucidus,0.01,fish,,
16,10,èì¸ËÏºÍÏÍø,,,shrimp,36,0.35,red-spotted.swimming.crab,Portunus sanguinolentus,0.07,crab,,
16,10,èì¸ËÏºÍÏÍø,,,shrimp,36,0.35,silver.croaker,Argyrosomus argentatus,0.02,fish,,
16,10,èì¸ËÏºÍÏÍø,,,shrimp,36,0.35,small.yellow.croaker,Larimichthys polyactis,0.02,fish,,
16,10,èì¸ËÏºÍÏÍø,,,shrimp,36,0.35,miiuy.croaker,Miichthys miiuy,0.05,fish,,
16,10,èì¸ËÏºÍÏÍø,,,shrimp,36,0.35,whitespotted.conger,Astroconger myriaster,0.05,fish,,
16,10,èì¸ËÏºÍÏÍø,,,shrimp,36,0.35,daggertooth.pike.conger,Muraenesox cinereus,0.06,fish,,
16,10,èì¸ËÏºÍÏÍø,,,shrimp,36,0.35,trash.fish,,0.19,trash.fish,,
17,11,Æ¯Á÷µ¥Æ¬´ÌÍø,,,mackerel,11,0.9,Narrow-barred.Spanish.mackerel,Scomberomorus commerson,0.63,fish,,
17,11,Æ¯Á÷µ¥Æ¬´ÌÍø,,,mackerel,11,0.9,kawakawa,Euthynnus affinis,0.27,fish,,
17,11,Æ¯Á÷µ¥Æ¬´ÌÍø,,,mackerel,11,0.9,black.pomfret,Parastromateus niger,0.02,fish,,
17,11,Æ¯Á÷µ¥Æ¬´ÌÍø,,,mackerel,11,0.9,frigate.tuna,Auxis thazard,0.01,fish,,
17,11,Æ¯Á÷µ¥Æ¬´ÌÍø,,,mackerel,11,0.9,trash.fish,,0.07,trash.fish,,
18,12,Æ¯Á÷µ¥Æ¬´ÌÍø,,,Bombay duck,39,0.64,Bombay-duck,Harpodon nehereus,0.64,fish,,
18,12,Æ¯Á÷µ¥Æ¬´ÌÍø,,,Bombay duck,39,0.64,sin.croaker,Johnius dussumieri,0.09,fish,,
18,12,Æ¯Á÷µ¥Æ¬´ÌÍø,,,Bombay duck,39,0.64,gold.sardinella,Sardinella aurita,0.05,fish,,
18,12,Æ¯Á÷µ¥Æ¬´ÌÍø,,,Bombay duck,39,0.64,Elongate.ilisha,Ilisha elongata,0.05,fish,,
18,12,Æ¯Á÷µ¥Æ¬´ÌÍø,,,Bombay duck,39,0.64,"largescale,tonguesole",Cynoglossus macrolepidotus,0.01,fish,,
18,12,Æ¯Á÷µ¥Æ¬´ÌÍø,,,Bombay duck,39,0.64,largehead.hairtail,Trichiurus haumela,0.03,fish,,
18,12,Æ¯Á÷µ¥Æ¬´ÌÍø,,,Bombay duck,39,0.64,trash.fish,,0.13,trash.fish,,
19,13,èì¸ËÏºÍÏÍø,,,shrimp,62,0.64,spear.littoral.shrimp,Parapenaeopsis hardwickii,0.4,shrimp,,
19,13,èì¸ËÏºÍÏÍø,,,shrimp,62,0.64,white-hair.rough.shrimp,Trachypenaeus curvirostris,0.2,shrimp,,
19,13,èì¸ËÏºÍÏÍø,,,shrimp,62,0.64,mantis.shrimp,Oratosquilla oratoria,0.1,shrimp,,
19,13,èì¸ËÏºÍÏÍø,,,shrimp,62,0.64,crimson.sea.bream,Parargyrops edita,0.03,fish,,
19,13,èì¸ËÏºÍÏÍø,,,shrimp,62,0.64,p.c.shrimp,Parapenaeopsis cultirostris,0.01,shrimp,,
19,13,èì¸ËÏºÍÏÍø,,,shrimp,62,0.64,whiskered.velvet.shrimp,Metapenaeopsis barbata,0.01,shrimp,,
19,13,èì¸ËÏºÍÏÍø,,,shrimp,62,0.64,Kuruma.prawn,Marsupenaeus japonicus,0.01,shrimp,,
19,13,èì¸ËÏºÍÏÍø,,,shrimp,62,0.64,Japanese.goatfish,Upeneu bensasi,0.01,fish,,
19,13,èì¸ËÏºÍÏÍø,,,shrimp,62,0.64,Japanese.sillago,Sillago japonica,0.01,fish,,
19,13,èì¸ËÏºÍÏÍø,,,shrimp,62,0.64,Shiba.shrimp,Metapenaeus joyneri,0.01,shrimp,,
19,13,èì¸ËÏºÍÏÍø,,,shrimp,62,0.64,Indian.squid,Loligo duvaucelii,0.01,,,
19,13,èì¸ËÏºÍÏÍø,,,shrimp,62,0.64,"largescale,tonguesole",Cynoglossus macrolepidotus,0.01,fish,,
19,13,èì¸ËÏºÍÏÍø,,,shrimp,62,0.64,speckled.tonguesole,Cynoglossus puncticeps,0.01,fish,,
19,13,èì¸ËÏºÍÏÍø,,,shrimp,62,0.64,yellow-spotted.skate,Okamejei hollandi,0.01,fish,,
19,13,èì¸ËÏºÍÏÍø,,,shrimp,62,0.64,trash.fish,,0.1,trash.fish,,
20,14,Ğ·Áı,,,crab,72,0.39,Belanger's.croaker,Johnius belengerii,0.22,fish,,
20,14,Ğ·Áı,,,crab,72,0.39,red-spotted.swimming.crab,Portunus sanguinolentus,0.13,crab,,
20,14,Ğ·Áı,,,crab,72,0.39,Japanese.stone.crab,Charybdis japonica,0.11,crab,,
20,14,Ğ·Áı,,,crab,72,0.39,mantis.shrimp,Oratosquilla oratoria,0.06,shrimp,,
20,14,Ğ·Áı,,,crab,72,0.39,corab.crab,Charybdis feriatus,0.05,crab,,
20,14,Ğ·Áı,,,crab,72,0.39,spotted.moray,Gymnothorax reticularis,0.04,fish,,
20,14,Ğ·Áı,,,crab,72,0.39,hairy.backed.crab,Charybdis natator,0.04,crab,,
20,14,Ğ·Áı,,,crab,72,0.39,box.crab,Calappa philargius,0.03,crab,,
20,14,Ğ·Áı,,,crab,72,0.39,warty.swimming.crab,Portunus haanii,0.03,crab,,
20,14,Ğ·Áı,,,crab,72,0.39,silver.croaker,Argy rosomus argentatus,0.01,fish,,
20,14,Ğ·Áı,,,crab,72,0.39,crimson.sea.bream,Parargyrops edita,0.01,fish,,
20,14,Ğ·Áı,,,crab,72,0.39,trash.fish,,0.27,trash.fish,,
21,15,Ğë×ÓÍø,,,NA,38,NA,p.p.crab,Philyra pisum,0.14,crab,´º,
21,15,Ğë×ÓÍø,,,NA,38,NA,pinkgray.goby,Amblychaeturichthys hexanema,0.07,fish,´º,
21,15,Ğë×ÓÍø,,,NA,38,NA,largemouth.goby,Chasmichthys gulosus,0.1,fish,´º,
21,15,Ğë×ÓÍø,,,NA,38,NA,branded.goby,Chaeturichthys stigmatias,0.1,fish,´º,
21,15,Ğë×ÓÍø,,,NA,38,NA,iso.shrimp,Eualus sinensis,0.01,shrimp,´º,
21,15,Ğë×ÓÍø,,,NA,38,NA,mantis.shrimp,Oratosquilla oratoria,0.08,shrimp,´º,
21,15,Ğë×ÓÍø,,,NA,38,NA,chameleon.goby,Tridentiger trigonocephalus,0.03,fish,´º,
21,15,Ğë×ÓÍø,,,NA,38,NA,So-iuy.mullet,Liza haematocheila,0.07,fish,´º,
21,15,Ğë×ÓÍø,,,NA,38,NA,Atlantic.marsh.fiddler,Uca pugnax,0.02,crab,´º,
21,15,Ğë×ÓÍø,,,NA,38,NA,Shiba.shrimp,Metapenaeus joyneri,0.01,shrimp,´º,
21,15,Ğë×ÓÍø,,,NA,38,NA,trash.fish,,0.37,trash.fish,´º,
22,15,Ğë×ÓÍø,,,NA,25,NA,largemouth.goby,Chasmichthys gulosus,0.15,fish,ÏÄ,
22,15,Ğë×ÓÍø,,,NA,25,NA,mantis.shrimp,Oratosquilla oratoria,0.17,shrimp,ÏÄ,
22,15,Ğë×ÓÍø,,,NA,25,NA,silver.sillago,Sillago sihama,0.03,fish,ÏÄ,
22,15,Ğë×ÓÍø,,,NA,25,NA,Japanese.stone.crab,Charybdis japonica,0.14,crab,ÏÄ,
22,15,Ğë×ÓÍø,,,NA,25,NA,So-iuy.mullet,Liza haematocheila,0.08,fish,ÏÄ,
22,15,Ğë×ÓÍø,,,NA,25,NA,Japanese.seabass,Lateolabrax japonicus,0.13,fish,ÏÄ,
22,15,Ğë×ÓÍø,,,NA,25,NA,dotted.gizzard.shad,Konosirus?punctatus,0.06,fish,ÏÄ,
22,15,Ğë×ÓÍø,,,NA,25,NA,Japanese.anchovy,Engraulis japonicus,0.09,fish,ÏÄ,
22,15,Ğë×ÓÍø,,,NA,25,NA,trash.fish,,0.15,trash.fish,ÏÄ,
23,16,Ë«´¬ÓĞÒíµ¥ÄÒÍÏÍø,,,NA,32,NA,Japanese.Spanish.mackerel,Scomberomorus niphonius,0.09,fish,2015,
23,16,Ë«´¬ÓĞÒíµ¥ÄÒÍÏÍø,,,NA,32,NA,silver.pomfret,Pampus argenteus,0.02,fish,,
23,16,Ë«´¬ÓĞÒíµ¥ÄÒÍÏÍø,,,NA,32,NA,small.yellow.croaker,Larimichthys polyactis,0.01,fish,,
23,16,Ë«´¬ÓĞÒíµ¥ÄÒÍÏÍø,,,NA,32,NA,Japanese.scad,Decapterus maruadsi,0.03,fish,,
23,16,Ë«´¬ÓĞÒíµ¥ÄÒÍÏÍø,,,NA,32,NA,mahi-mahi,Coryphaena hippurus,0.01,fish,,
23,16,Ë«´¬ÓĞÒíµ¥ÄÒÍÏÍø,,,NA,32,NA,Bombay-duck,Harpodon nehereus,0.01,fish,,
23,16,Ë«´¬ÓĞÒíµ¥ÄÒÍÏÍø,,,NA,32,NA,common.hairfin.anchovy,Setipinna tenuifilis,0.19,fish,,
23,16,Ë«´¬ÓĞÒíµ¥ÄÒÍÏÍø,,,NA,32,NA,Japanese.anchovy,Engraulis japonicus,0.55,fish,,
23,16,Ë«´¬ÓĞÒíµ¥ÄÒÍÏÍø,,,NA,32,NA,greater.pipefish,Syngnathus acus,0.01,fish,,
23,16,Ë«´¬ÓĞÒíµ¥ÄÒÍÏÍø,,,NA,32,NA,swimming.crab,Portunus trituberculatus,0.04,crab,,
23,16,Ë«´¬ÓĞÒíµ¥ÄÒÍÏÍø,,,NA,32,NA,trash.fish,,0.04,trash.fish,,
24,16,Ë«´¬ÓĞÒíµ¥ÄÒÍÏÍø,,,NA,53,NA,Japanese.Spanish.mackerel,Scomberomorus niphonius,0.32,fish,2016,
24,16,Ë«´¬ÓĞÒíµ¥ÄÒÍÏÍø,,,NA,53,NA,chub.mackerel,Scomber japonicus,0.03,fish,,
24,16,Ë«´¬ÓĞÒíµ¥ÄÒÍÏÍø,,,NA,53,NA,largehead.hairtail,Trichiurus haumela,0.29,fish,,
24,16,Ë«´¬ÓĞÒíµ¥ÄÒÍÏÍø,,,NA,53,NA,silver.pomfret,Pampus argenteus,0.17,fish,,
24,16,Ë«´¬ÓĞÒíµ¥ÄÒÍÏÍø,,,NA,53,NA,small.yellow.croaker,Larimichthys polyactis,0.04,fish,,
24,16,Ë«´¬ÓĞÒíµ¥ÄÒÍÏÍø,,,NA,53,NA,Japanese.jack.mackerel,Trachurus japonicus,0.05,fish,,
24,16,Ë«´¬ÓĞÒíµ¥ÄÒÍÏÍø,,,NA,53,NA,slender.lizardfish,Saurida elongata,0.01,fish,,
24,16,Ë«´¬ÓĞÒíµ¥ÄÒÍÏÍø,,,NA,53,NA,common.hairfin.anchovy,Setipinna tenuifilis,0.02,fish,,
24,16,Ë«´¬ÓĞÒíµ¥ÄÒÍÏÍø,,,NA,53,NA,swimming.crab,Portunus trituberculatus,0.03,crab,,
24,16,Ë«´¬ÓĞÒíµ¥ÄÒÍÏÍø,,,NA,53,NA,trash.fish,,0.04,trash.fish,,
25,16,Ë«´¬ÓĞÒíµ¥ÄÒÍÏÍø,,,NA,19,NA,Japanese.Spanish.mackerel,Scomberomorus niphonius,0.17,fish,2017,
25,16,Ë«´¬ÓĞÒíµ¥ÄÒÍÏÍø,,,NA,19,NA,largehead.hairtail,Trichiurus haumela,0.23,fish,,
25,16,Ë«´¬ÓĞÒíµ¥ÄÒÍÏÍø,,,NA,19,NA,silver.pomfret,Pampus argenteus,0.21,fish,,
25,16,Ë«´¬ÓĞÒíµ¥ÄÒÍÏÍø,,,NA,19,NA,small.yellow.croaker,Larimichthys polyactis,0.13,fish,,
25,16,Ë«´¬ÓĞÒíµ¥ÄÒÍÏÍø,,,NA,19,NA,Japanese.scad,Decapterus maruadsi,0.03,fish,,
25,16,Ë«´¬ÓĞÒíµ¥ÄÒÍÏÍø,,,NA,19,NA,slender.lizardfish,Saurida elongata,0.04,fish,,
25,16,Ë«´¬ÓĞÒíµ¥ÄÒÍÏÍø,,,NA,19,NA,Japanese.sardinella,Sardinella zunasi,0.02,fish,,
25,16,Ë«´¬ÓĞÒíµ¥ÄÒÍÏÍø,,,NA,19,NA,kammal.thryssa,Thrissa kammalensis,0.09,fish,,
25,16,Ë«´¬ÓĞÒíµ¥ÄÒÍÏÍø,,,NA,19,NA,Japanese.anchovy,Engraulis japonicus,0.02,fish,,
25,16,Ë«´¬ÓĞÒíµ¥ÄÒÍÏÍø,,,NA,19,NA,white-hair.rough.shrimp,Trachypenaeus curvirostris,0.02,shrimp,,
25,16,Ë«´¬ÓĞÒíµ¥ÄÒÍÏÍø,,,NA,19,NA,Japanese.squid,Loligo japonica,0.01,cephalopods,,
25,16,Ë«´¬ÓĞÒíµ¥ÄÒÍÏÍø,,,NA,19,NA,trash.fish,,0.03,trash.fish,,
26,17,ÕÅÍø,,,NA,103,NA,pinkgray.goby,Amblychaeturichthys hexanema,0.24,fish,,
26,17,ÕÅÍø,,,NA,103,NA,small.yellow.croaker,Larimichthys polyactis,0.11,fish,,
26,17,ÕÅÍø,,,NA,103,NA,greater.pipefish,Syngnathus acus,0.1,fish,,
26,17,ÕÅÍø,,,NA,103,NA,mantis.shrimp,Oratosquilla oratoria,0.09,shrimp,,
26,17,ÕÅÍø,,,NA,103,NA,swimming.crab,Portunus trituberculatus,0.07,crab,,
26,17,ÕÅÍø,,,NA,103,NA,Chinses.snapping.shrimp,Alpheus heterocarpus,0.06,shrimp,,
26,17,ÕÅÍø,,,NA,103,NA,Japanese.squid,Loligo japonica,0.06,cephalopods,,
26,17,ÕÅÍø,,,NA,103,NA,Rubicundus eelgoby ,Odontamblyopus rubicundus,0.06,fish,,
26,17,ÕÅÍø,,,NA,103,NA,white-hair.rough.shrimp,Trachypenaeus curvirostris,0.03,shrimp,,
26,17,ÕÅÍø,,,NA,103,NA,trash.fish,,0.18,trash.fish,,
27,18,µ¥ÍÏÍø,,,NA,NA,NA,gurnard,Lepidotrigla japonice,0.16,fish,,
27,18,µ¥ÍÏÍø,,,NA,NA,NA,largehead.hairtail,Trichiurus haumela,0.07,fish,,
27,18,µ¥ÍÏÍø,,,NA,NA,NA,small.yellow.croaker,Larimichthys polyactis,0.04,fish,,
27,18,µ¥ÍÏÍø,,,NA,NA,NA,trash.fish,,0.73,trash.fish,,
28,19,µ¥´¬µ¥ÄÒèì¸ËÏºÍÏÍø,,,shrimp,63,0.15,C.chinensis.goby,Ctenotrypauchen chinensis,0.09,fish,´º,
28,19,µ¥´¬µ¥ÄÒèì¸ËÏºÍÏÍø,,,shrimp,63,0.15,white.prawn,Exopalaemons,0.01,shrimp,´º,
28,19,µ¥´¬µ¥ÄÒèì¸ËÏºÍÏÍø,,,shrimp,63,0.15,moon.shell,Glossaulax didyma,0.11,bivalve,´º,
28,19,µ¥´¬µ¥ÄÒèì¸ËÏºÍÏÍø,,,shrimp,63,0.15,Chinese.ditch.prawn,Palaemon gravieri,0.02,shrimp,´º,
28,19,µ¥´¬µ¥ÄÒèì¸ËÏºÍÏÍø,,,shrimp,63,0.15,branded.goby,Chaeturichthys stigmatias,0.01,fish,´º,
28,19,µ¥´¬µ¥ÄÒèì¸ËÏºÍÏÍø,,,shrimp,63,0.15,red.tonguesole,Cynoglossus joyneri,0.06,fish,´º,
28,19,µ¥´¬µ¥ÄÒèì¸ËÏºÍÏÍø,,,shrimp,63,0.15,mantis.shrimp,Oratosquilla oratoria,0.01,shrimp,´º,
28,19,µ¥´¬µ¥ÄÒèì¸ËÏºÍÏÍø,,,shrimp,63,0.15,Asian.rapa.whelk,Rapana venosa ,0.04,bivalve,´º,
28,19,µ¥´¬µ¥ÄÒèì¸ËÏºÍÏÍø,,,shrimp,63,0.15,swimming.crab,Portunus trituberculatus,0.02,crab,´º,
28,19,µ¥´¬µ¥ÄÒèì¸ËÏºÍÏÍø,,,shrimp,63,0.15,lesser.glass.shrimp,Leptochela gracilis,0.09,shrimp,´º,
28,19,µ¥´¬µ¥ÄÒèì¸ËÏºÍÏÍø,,,shrimp,63,0.15,l.p.shrimp,Latreutes planirostris,0.04,shrimp,´º,
28,19,µ¥´¬µ¥ÄÒèì¸ËÏºÍÏÍø,,,shrimp,63,0.15,trash.fish,,0.5,trash.fish,Çï,
29,19,µ¥´¬µ¥ÄÒèì¸ËÏºÍÏÍø,,,shrimp,39,0,dotted.gizzard.shad,Konosirus?punctatus,0.02,fish,Çï,
29,19,µ¥´¬µ¥ÄÒèì¸ËÏºÍÏÍø,,,shrimp,39,0,moon.shell,Glossaulax didyma,0.11,bivalve,Çï,
29,19,µ¥´¬µ¥ÄÒèì¸ËÏºÍÏÍø,,,shrimp,39,0,razor.clam,Sinonovacula constricta,0.02,bivalve,Çï,
29,19,µ¥´¬µ¥ÄÒèì¸ËÏºÍÏÍø,,,shrimp,39,0,branded.goby,Chaeturichthys stigmatias,0.05,fish,Çï,
29,19,µ¥´¬µ¥ÄÒèì¸ËÏºÍÏÍø,,,shrimp,39,0,rubicundus.eelgoby,Odontamblyopus rubicundus,0.21,fish,Çï,
29,19,µ¥´¬µ¥ÄÒèì¸ËÏºÍÏÍø,,,shrimp,39,0,corneous.ark,Scapharca subcrenata,0.23,bivalve,Çï,
29,19,µ¥´¬µ¥ÄÒèì¸ËÏºÍÏÍø,,,shrimp,39,0,branded.goby,Chaeturichthys stigmatias,0.1,fish,Çï,
29,19,µ¥´¬µ¥ÄÒèì¸ËÏºÍÏÍø,,,shrimp,39,0,So-iuy.mullet,Liza haematocheila,0.06,fish,Çï,
29,19,µ¥´¬µ¥ÄÒèì¸ËÏºÍÏÍø,,,shrimp,39,0,trash.fish,,0.2,trash.fish,Çï,
30,20,ÕÅÍø,,,NA,77,NA,mantis.shrimp,Oratosquilla oratoria,0.03,shrimp,´º,
30,20,ÕÅÍø,,,NA,77,NA,lesser.glass.shrimp,Leptochela gracilis,0.03,shrimp,´º,
30,20,ÕÅÍø,,,NA,77,NA,white-hair.rough.shrimp,Trachypenaeus curvirostris,0.01,shrimp,´º,
30,20,ÕÅÍø,,,NA,77,NA,Japanese.snapping.shrimp,Alpheus japonicus,0.02,shrimp,´º,
30,20,ÕÅÍø,,,NA,77,NA,Chinses.snapping.shrimp,Alpheus heterocarpus,0.03,shrimp,´º,
30,20,ÕÅÍø,,,NA,77,NA,iso.shrimp,Eualus sinensis,0.01,shrimp,´º,
30,20,ÕÅÍø,,,NA,77,NA,medusa.shrimp,Latreutes anoplonyx,0.01,shrimp,´º,
30,20,ÕÅÍø,,,NA,77,NA,two-spot.swimming.crab,Charybdis bimaculata,0.05,crab,´º,
30,20,ÕÅÍø,,,NA,77,NA,long.arm.octopus,Octopus variabilis,0.05,cephalopods,´º,
30,20,ÕÅÍø,,,NA,77,NA,bobtail.squid,Sepiola birostrata,0.01,cephalopods,´º,
30,20,ÕÅÍø,,,NA,77,NA,greater.pipefish,Syngnathus acus,0.23,fish,´º,
30,20,ÕÅÍø,,,NA,77,NA,dotted.gizzard.shad,Konosirus?punctatus,0.04,fish,´º,
30,20,ÕÅÍø,,,NA,77,NA,common.hairfin.anchovy,Setipinna tenuifilis,0.02,fish,´º,
30,20,ÕÅÍø,,,NA,77,NA,kammal.thryssa,Thrissa kammalensis,0.02,fish,´º,
30,20,ÕÅÍø,,,NA,77,NA,Japanese.anchovy,Engraulis japonicus,0.01,fish,´º,
30,20,ÕÅÍø,,,NA,77,NA,p.fangi,Pholis fangi,0.04,fish,´º,
30,20,ÕÅÍø,,,NA,77,NA,Belanger's.croaker,Johnius belengeri,0.02,fish,´º,
30,20,ÕÅÍø,,,NA,77,NA,pinkgray.goby,Amblychaeturichthys hexanema,0.12,fish,´º,
30,20,ÕÅÍø,,,NA,77,NA,trash.fish,,0.25,trash.fish,´º,
31,20,ÕÅÍø,,,NA,74,NA,mantis.shrimp,Oratosquilla oratoria,0.03,shrimp,Çï,
31,20,ÕÅÍø,,,NA,74,NA,white-hair.rough.shrimp,Trachypenaeus curvirostris,0.08,shrimp,Çï,
31,20,ÕÅÍø,,,NA,74,NA,planktonic.shrimp,Acetes chinensis,0.01,shrimp,Çï,
31,20,ÕÅÍø,,,NA,74,NA,swimming.crab,Portunus trituberculatus,0.07,crab,Çï,
31,20,ÕÅÍø,,,NA,74,NA,bobtail.squid,Sepiola birostrata,0.01,cephalopods,Çï,
31,20,ÕÅÍø,,,NA,74,NA,Japanese.squid,Loligo japonica,0.04,cephalopods,Çï,
31,20,ÕÅÍø,,,NA,74,NA,Japanese.sardinella,Sardinella zunasi,0.03,fish,Çï,
31,20,ÕÅÍø,,,NA,74,NA,Japanese.anchovy,Engraulis japonicus,0.03,fish,Çï,
31,20,ÕÅÍø,,,NA,74,NA,silver.pomfret,Pampus argenteus,0.03,fish,Çï,
31,20,ÕÅÍø,,,NA,74,NA,largehead.hairtail,Trichiurus haumela,0.02,fish,Çï,
31,20,ÕÅÍø,,,NA,74,NA,small.yellow.croaker,Larimichthys polyactis,0.28,fish,Çï,
31,20,ÕÅÍø,,,NA,74,NA,Belanger's.croaker,Johnius belangerii,0.05,fish,Çï,
31,20,ÕÅÍø,,,NA,74,NA,pinkgray.goby,Amblychaeturichthys hexanema,0.11,fish,Çï,
31,20,ÕÅÍø,,,NA,74,NA,spiny.red.gurnard,Chelidonichthys spinosus,0.03,fish,Çï,
31,20,ÕÅÍø,,,NA,74,NA,trash.fish,,0.18,trash.fish,Çï,
32,20,ÕÅÍø,,,NA,49,NA,mantis.shrimp,Oratosquilla oratoria,0.1,shrimp,¶¬,
32,20,ÕÅÍø,,,NA,49,NA,lesser.glass.shrimp,Leptochela gracilis,0.16,shrimp,¶¬,
32,20,ÕÅÍø,,,NA,49,NA,white-hair.rough.shrimp,Trachypenaeus curvirostris,0.05,shrimp,¶¬,
32,20,ÕÅÍø,,,NA,49,NA,Japanese.snapping.shrimp,Alpheus japonicus,0.03,shrimp,¶¬,
32,20,ÕÅÍø,,,NA,49,NA,Chinses.snapping.shrimp,Alpheus heterocarpus,0.11,shrimp,¶¬,
32,20,ÕÅÍø,,,NA,49,NA,swimming.crab,Portunus trituberculatus,0.07,crab,¶¬,
32,20,ÕÅÍø,,,NA,49,NA,two-spot.swimming.crab,Charybdis bimaculata,0.06,crab,¶¬,
32,20,ÕÅÍø,,,NA,49,NA,bobtail.squid,Sepiola birostrata,0.06,cephalopods,¶¬,
32,20,ÕÅÍø,,,NA,49,NA,Japanese.squid,Loligo japonica,0.01,cephalopods,¶¬,
32,20,ÕÅÍø,,,NA,49,NA,dotted.gizzard.shad,Konosirus?punctatus,0.02,fish,¶¬,
32,20,ÕÅÍø,,,NA,49,NA,Japanese.anchovy,Engraulis japonicus,0.02,fish,¶¬,
32,20,ÕÅÍø,,,NA,49,NA,small.yellow.croaker,Larimichthys polyactis,0.02,fish,¶¬,
32,20,ÕÅÍø,,,NA,49,NA,pinkgray.goby,Amblychaeturichthys hexanema,0.09,fish,¶¬,
32,20,ÕÅÍø,,,NA,49,NA,thread.goby,Myersina filifer,0.03,fish,¶¬,
32,20,ÕÅÍø,,,NA,49,NA,trash.fish,,0.17,trash.fish,¶¬,
33,21,ÕÅÍø,,,planktonic shrimp,97,0.24,planktonic.shrimp,Acetes chinensis,0.24,shrimp,,
33,21,ÕÅÍø,,,Acetes,97,0.24,goby,Gobiidae,0.14,fish,,
33,21,ÕÅÍø,,,Acetes,97,0.24,Bombay-duck,Harpodon nehereus,0.1,fish,,
33,21,ÕÅÍø,,,Acetes,97,0.24,lesser.glass.shrimp,Leptochela gracilis,0.07,shrimp,,
33,21,ÕÅÍø,,,Acetes,97,0.24,two-spot.swimming.crab,Charybdis bimaculata,0.04,crab,,
33,21,ÕÅÍø,,,Acetes,97,0.24,Commerson's.anchovy,Stolephorus commersonii,0.04,fish,,
33,21,ÕÅÍø,,,Acetes,97,0.24,mantis.shrimp,Oratosquilla oratoria,0.03,shrimp,,
33,21,ÕÅÍø,,,Acetes,97,0.24,trash.fish,,0.34,trash.fish,,
34,22,·«ÕÅÍø,,,small yellow croaker+hairtail,30,0.74,largehead.hairtail,Trichiurus haumela,0.57,fish,,
34,22,·«ÕÅÍø,,,small yellow croaker+hairtail,30,0.74,small.yellow.croaker,Larimichthys polyactis,0.17,fish,,
34,22,·«ÕÅÍø,,,small yellow croaker+hairtail,30,0.74,silver.pomfret,Pampus argenteus,0.05,fish,,
34,22,·«ÕÅÍø,,,small yellow croaker+hairtail,30,0.74,light.maigre,collichthys lucidus,0.03,fish,,
34,22,·«ÕÅÍø,,,small yellow croaker+hairtail,30,0.74,swimming.crab,Portunus trituberculatus,0.03,crab,,
34,22,·«ÕÅÍø,,,small yellow croaker+hairtail,30,0.74,red-spotted.swimming.crab,Portunus sanguinolentus,0.02,crab,,
34,22,·«ÕÅÍø,,,small yellow croaker+hairtail,30,0.74,sand-looking.crab,Ovalipes punctatus,0.01,crab,,
34,22,·«ÕÅÍø,,,small yellow croaker+hairtail,30,0.74,flathead.grey.mullet,Mugil cephalus,0.01,fish,,
34,22,·«ÕÅÍø,,,small yellow croaker+hairtail,30,0.74,daggertooth.pike.conger,Muraenesox cinereus,0.01,fish,,
34,22,·«ÕÅÍø,,,small yellow croaker+hairtail,30,0.74,Bombay-duck,Harpodon nehereus,0.01,fish,,
34,22,·«ÕÅÍø,,,small yellow croaker+hairtail,30,0.74,trash.fish,,0.09,trash.fish,,
35,23,µ¥´¬ÓĞÒíµ¥ÄÒÍÏÍø,,,NA,19,NA,fat.greenling,Hexagrammos otakii,0.25,fish,,
35,23,µ¥´¬ÓĞÒíµ¥ÄÒÍÏÍø,,,NA,19,NA,eelpout,Zoarces viviparus,0.07,fish,,
35,23,µ¥´¬ÓĞÒíµ¥ÄÒÍÏÍø,,,NA,19,NA,ridged-eye.flounder,Pleuronichthys cornutus,0.04,fish,,
35,23,µ¥´¬ÓĞÒíµ¥ÄÒÍÏÍø,,,NA,19,NA,stone.flounder,Kareius bicoloratus,0.18,fish,,
35,23,µ¥´¬ÓĞÒíµ¥ÄÒÍÏÍø,,,NA,19,NA,dotted.gizzard.shad,Konosirus?punctatus,0.02,fish,,
35,23,µ¥´¬ÓĞÒíµ¥ÄÒÍÏÍø,,,NA,19,NA,black.scraper,Thamnaconus modestus,0.06,fish,,
35,23,µ¥´¬ÓĞÒíµ¥ÄÒÍÏÍø,,,NA,19,NA,daggertooth.pike.conger,Muraenesox cinereus,0.06,fish,,
35,23,µ¥´¬ÓĞÒíµ¥ÄÒÍÏÍø,,,NA,19,NA,trash.fish,,0.32,trash.fish,,
36,24,Ë«×®èì¸ËÕÅÍø,,,NA,26,NA,NA,NA,NA,NA,´º,index.available
37,24,Ë«×®èì¸ËÕÅÍø,,,NA,45,NA,NA,NA,NA,NA,ÏÄ,index.available
38,24,Ë«×®èì¸ËÕÅÍø,,,NA,86,NA,NA,NA,NA,NA,Çï,index.available
39,24,Ë«×®èì¸ËÕÅÍø,,,NA,42,NA,NA,NA,NA,NA,¶¬,index.available
40,25,ÈıÖØ´ÌÍø+µ¥Æ¬´ÌÍø,,,jelly fish+shrimp+mackerel+crab+sardine,10,0.95,Japanese.Spanish.mackerel,Scomberomorus niphonius,0.03,fish,A×÷ÒµÀàĞÍ,
40,25,ÈıÖØ´ÌÍø+µ¥Æ¬´ÌÍø,,,jelly fish+shrimp+mackerel+crab+sardine,10,0.95,mantis.shrimp,Oratosquilla oratoria,0.21,shrimp,A×÷ÒµÀàĞÍ,
40,25,ÈıÖØ´ÌÍø+µ¥Æ¬´ÌÍø,,,jelly fish+shrimp+mackerel+crab+sardine,10,0.95,swimming.crab,Portunus trituberculatus,0.09,crab,A×÷ÒµÀàĞÍ,
40,25,ÈıÖØ´ÌÍø+µ¥Æ¬´ÌÍø,,,jelly fish+shrimp+mackerel+crab+sardine,10,0.95,jellyfish,Scyphozoa,0.62,other,A×÷ÒµÀàĞÍ,
40,25,ÈıÖØ´ÌÍø+µ¥Æ¬´ÌÍø,,,jelly fish+shrimp+mackerel+crab+sardine,10,0.95,trash.fish,,0.05,trash.fish,A×÷ÒµÀàĞÍ,
41,25,ÈıÖØ´ÌÍø+µ¥Æ¬´ÌÍø,,,jelly fish+shrimp+mackerel+crab+sardine,12,0.73,Japanese.sardinella,Sardinella zunasi,0.1,fish,B×÷ÒµÀàĞÍ,
41,25,ÈıÖØ´ÌÍø+µ¥Æ¬´ÌÍø,,,jelly fish+shrimp+mackerel+crab+sardine,12,0.73,mantis.shrimp,Oratosquilla oratoria,0.21,shrimp,B×÷ÒµÀàĞÍ,
41,25,ÈıÖØ´ÌÍø+µ¥Æ¬´ÌÍø,,,jelly fish+shrimp+mackerel+crab+sardine,12,0.73,swimming.crab,Portunus trituberculatus,0.08,crab,B×÷ÒµÀàĞÍ,
41,25,ÈıÖØ´ÌÍø+µ¥Æ¬´ÌÍø,,,jelly fish+shrimp+mackerel+crab+sardine,12,0.73,Japanese.stone.crab,Charybdis japonica,0.06,crab,B×÷ÒµÀàĞÍ,
41,25,ÈıÖØ´ÌÍø+µ¥Æ¬´ÌÍø,,,jelly fish+shrimp+mackerel+crab+sardine,12,0.73,octopus,Octopodidae,0.16,cephalopods,B×÷ÒµÀàĞÍ,
41,25,ÈıÖØ´ÌÍø+µ¥Æ¬´ÌÍø,,,jelly fish+shrimp+mackerel+crab+sardine,12,0.73,jellyfish,Scyphozoa,0.28,other,B×÷ÒµÀàĞÍ,
41,25,ÈıÖØ´ÌÍø+µ¥Æ¬´ÌÍø,,,jelly fish+shrimp+mackerel+crab+sardine,12,0.73,trash.fish,,0.11,trash.fish,B×÷ÒµÀàĞÍ,
42,25,ÈıÖØ´ÌÍø+µ¥Æ¬´ÌÍø,,,jelly fish+shrimp+mackerel+crab+sardine,12,0.53,Japanese.Spanish.mackerel,Scomberomorus niphonius,0.04,fish,C×÷ÒµÀàĞÍ,
42,25,ÈıÖØ´ÌÍø+µ¥Æ¬´ÌÍø,,,jelly fish+shrimp+mackerel+crab+sardine,12,0.53,yellow.goosefish,Lophius litulon,0.15,fish,C×÷ÒµÀàĞÍ,
42,25,ÈıÖØ´ÌÍø+µ¥Æ¬´ÌÍø,,,jelly fish+shrimp+mackerel+crab+sardine,12,0.53,pointhead.flounder,Cleisthenes herzensteini,0.13,fish,C×÷ÒµÀàĞÍ,
42,25,ÈıÖØ´ÌÍø+µ¥Æ¬´ÌÍø,,,jelly fish+shrimp+mackerel+crab+sardine,12,0.53,p.fangi,Pholis fangi,0.07,fish,C×÷ÒµÀàĞÍ,
42,25,ÈıÖØ´ÌÍø+µ¥Æ¬´ÌÍø,,,jelly fish+shrimp+mackerel+crab+sardine,12,0.53,mantis.shrimp,Oratosquilla oratoria,0.18,shrimp,C×÷ÒµÀàĞÍ,
42,25,ÈıÖØ´ÌÍø+µ¥Æ¬´ÌÍø,,,jelly fish+shrimp+mackerel+crab+sardine,12,0.53,swimming.crab,Portunus trituberculatus,0.14,crab,C×÷ÒµÀàĞÍ,
42,25,ÈıÖØ´ÌÍø+µ¥Æ¬´ÌÍø,,,jelly fish+shrimp+mackerel+crab+sardine,12,0.53,octopus,Octopodidae,0.09,cephalopods,C×÷ÒµÀàĞÍ,
42,25,ÈıÖØ´ÌÍø+µ¥Æ¬´ÌÍø,,,jelly fish+shrimp+mackerel+crab+sardine,12,0.53,jellyfish,Scyphozoa,0.17,other,C×÷ÒµÀàĞÍ,
42,25,ÈıÖØ´ÌÍø+µ¥Æ¬´ÌÍø,,,jelly fish+shrimp+mackerel+crab+sardine,12,0.53,trash.fish,,0.07,trash.fish,C×÷ÒµÀàĞÍ,
43,25,ÈıÖØ´ÌÍø+µ¥Æ¬´ÌÍø,,,jelly fish+shrimp+mackerel+crab+sardine,12,0.81,yellow.goosefish,Lophius litulon,0.03,fish,D×÷ÒµÀàĞÍ,
43,25,ÈıÖØ´ÌÍø+µ¥Æ¬´ÌÍø,,,jelly fish+shrimp+mackerel+crab+sardine,12,0.81,mantis.shrimp,Oratosquilla oratoria,0.34,shrimp,D×÷ÒµÀàĞÍ,
43,25,ÈıÖØ´ÌÍø+µ¥Æ¬´ÌÍø,,,jelly fish+shrimp+mackerel+crab+sardine,12,0.81,swimming.crab,Portunus trituberculatus,0.13,crab,D×÷ÒµÀàĞÍ,
43,25,ÈıÖØ´ÌÍø+µ¥Æ¬´ÌÍø,,,jelly fish+shrimp+mackerel+crab+sardine,12,0.81,white-hair.rough.shrimp,Trachypenaeus curvirostris,0.05,shrimp,D×÷ÒµÀàĞÍ,
43,25,ÈıÖØ´ÌÍø+µ¥Æ¬´ÌÍø,,,jelly fish+shrimp+mackerel+crab+sardine,12,0.81,octopus,Octopodidae,0.12,cephalopods,D×÷ÒµÀàĞÍ,
43,25,ÈıÖØ´ÌÍø+µ¥Æ¬´ÌÍø,,,jelly fish+shrimp+mackerel+crab+sardine,12,0.81,jellyfish,Scyphozoa,0.29,other,D×÷ÒµÀàĞÍ,
43,25,ÈıÖØ´ÌÍø+µ¥Æ¬´ÌÍø,,,jelly fish+shrimp+mackerel+crab+sardine,12,0.81,trash.fish,,0.04,trash.fish,D×÷ÒµÀàĞÍ,
44,26,µ¥ÍÏÍø,,,NA,28,NA,chub.mackerel,Scomber japonicus,0.22,fish,´º,
44,26,µ¥ÍÏÍø,,,NA,28,NA,slender.lizardfish,Saurida elongata,0.13,fish,´º,
44,26,µ¥ÍÏÍø,,,NA,28,NA,Indian.perch,Apogon lineatus,0.08,fish,´º,
44,26,µ¥ÍÏÍø,,,NA,28,NA,shotted.halibut,Eopsetta grigorjewi,0.07,fish,´º,
44,26,µ¥ÍÏÍø,,,NA,28,NA,yellow.goosefish,Lophius litulon,0.05,fish,´º,
44,26,µ¥ÍÏÍø,,,NA,28,NA,Pacific.snake.eel,Ophichthus triserialis,0.04,fish,´º,
44,26,µ¥ÍÏÍø,,,NA,28,NA,grey.stingfish,Minous monodactylus,0.03,fish,´º,
44,26,µ¥ÍÏÍø,,,NA,28,NA,blackmouth.croaker,Atrobucca nibe,0.02,fish,´º,
44,26,µ¥ÍÏÍø,,,NA,28,NA,trash.fish,,0.36,trash.fish,´º,
45,26,µ¥ÍÏÍø,,,NA,29,NA,gurnard,Lepidotrigla japonice,0.14,fish,Çï,
45,26,µ¥ÍÏÍø,,,NA,29,NA,Japanese.sillago,Sillago japonica,0.08,fish,Çï,
45,26,µ¥ÍÏÍø,,,NA,29,NA,red.bigeye,Priacanthus macracanthus,0.08,fish,Çï,
45,26,µ¥ÍÏÍø,,,NA,29,NA,Pacific.rudderfish,Psenopsis anomala,0.07,fish,Çï,
45,26,µ¥ÍÏÍø,,,NA,29,NA,tongue.sole,Cynoglossus semilaevis,0.04,fish,Çï,
45,26,µ¥ÍÏÍø,,,NA,29,NA,Japanese.scad,Decapterus maruadsi,0.03,fish,Çï,
45,26,µ¥ÍÏÍø,,,NA,29,NA,sea.conger,Ariosoma anagoides,0.03,fish,Çï,
45,26,µ¥ÍÏÍø,,,NA,29,NA,slender.lizardfish,Saurida elongata,0.03,fish,Çï,
45,26,µ¥ÍÏÍø,,,NA,29,NA,John.dory,Zeus faber,0.03,fish,Çï,
45,26,µ¥ÍÏÍø,,,NA,29,NA,largehead.hairtail,Trichiurus haumela,0.02,fish,Çï,
45,26,µ¥ÍÏÍø,,,NA,29,NA,small.yellow.croaker,Larimichthys polyactis,0.02,fish,Çï,
45,26,µ¥ÍÏÍø,,,NA,29,NA,trash.fish,,0.43,trash.fish,Çï,
46,27,µ¥´¬µ×ÍÏÍø,,,NA,28,NA,light.maigre,collichthys lucidus,0.05,fish,,
46,27,µ¥´¬µ×ÍÏÍø,,,NA,28,NA,small.yellow.croaker,Larimichthys polyactis,0.14,fish,,
46,27,µ¥´¬µ×ÍÏÍø,,,NA,28,NA,flathead.grey.mullet,Mugil cephalus,0.05,fish,,
46,27,µ¥´¬µ×ÍÏÍø,,,NA,28,NA,common.hairfin.anchovy,Setipinna tenuifilis,0.05,fish,,
46,27,µ¥´¬µ×ÍÏÍø,,,NA,28,NA,branded.goby,Chaeturichthys stigmatias,0.05,fish,,
46,27,µ¥´¬µ×ÍÏÍø,,,NA,28,NA,l.g.squid,Loligo beka,0.05,cephalopods,,
46,27,µ¥´¬µ×ÍÏÍø,,,NA,28,NA,l.r.shrimp,Lysmata risso,0.05,shrimp,,
46,27,µ¥´¬µ×ÍÏÍø,,,NA,28,NA,swimming.crab,Portunus trituberculatus,0.05,crab,,
46,27,µ¥´¬µ×ÍÏÍø,,,NA,28,NA,Shiba.shrimp,Metapenaeus joyneri,0.05,shrimp,,
46,27,µ¥´¬µ×ÍÏÍø,,,NA,28,NA,spear.littoral.shrimp,Parapenaeopsis hardwickii,0.05,shrimp,,
46,27,µ¥´¬µ×ÍÏÍø,,,NA,28,NA,whiteleg.shrimp,Litopenaeus vannamei,0.04,shrimp,,
46,27,µ¥´¬µ×ÍÏÍø,,,NA,28,NA,mantis.shrimp,Oratosquilla oratoria,0.05,shrimp,,
46,27,µ¥´¬µ×ÍÏÍø,,,NA,28,NA,Chinese.venus,Cyclina sinensis,0.05,bivalve,,
46,27,µ¥´¬µ×ÍÏÍø,,,NA,28,NA,oyster,Ostrea gigas thunberg,0.05,bivalve,,
46,27,µ¥´¬µ×ÍÏÍø,,,NA,28,NA,razor.clam,Sinonovacula constricta,0.09,bivalve,,
46,27,µ¥´¬µ×ÍÏÍø,,,NA,28,NA,trash.fish,,0.13,trash.fish,,
47,28,ÈıÖØ´ÌÍø,,,NA,11,NA,small.yellow.croaker,Larimichthys polyactis,0.04,fish,Çï¼¾,
47,28,ÈıÖØ´ÌÍø,,,NA,11,NA,Barramundi,Lates calcarifer,0.06,fish,Çï¼¾,
47,28,ÈıÖØ´ÌÍø,,,NA,11,NA,Japanese.Spanish.mackerel,Scomberomorus niphonius,0.35,fish,Çï¼¾,
47,28,ÈıÖØ´ÌÍø,,,NA,11,NA,dotted.gizzard.shad,Konosirus?punctatus,0.07,fish,Çï¼¾,
47,28,ÈıÖØ´ÌÍø,,,NA,11,NA,slender.lizardfish,Saurida elongata,0.1,fish,Çï¼¾,
47,28,ÈıÖØ´ÌÍø,,,NA,11,NA,whitespotted.conger,Astroconger myriaster,0.25,fish,Çï¼¾,
47,28,ÈıÖØ´ÌÍø,,,NA,11,NA,Japanese.stone.crab,Charybdis japonica,0.06,crab,Çï¼¾,
47,28,ÈıÖØ´ÌÍø,,,NA,11,NA,trash.fish,,0.07,trash.fish,Çï¼¾,
48,28,ÈıÖØ´ÌÍø,,,NA,4,NA,fat.greenling,Hexagrammos otakii,0.88,fish,¶¬¼¾,
48,28,ÈıÖØ´ÌÍø,,,NA,4,NA,spotted.halibut,Verasper variegatus,0.07,fish,¶¬¼¾,
48,28,ÈıÖØ´ÌÍø,,,NA,4,NA,North.Pacific.seastar,Asterias amurensis,0.04,other,¶¬¼¾,
48,28,ÈıÖØ´ÌÍø,,,NA,4,NA,trash.fish,,0.01,trash.fish,¶¬¼¾,
49,28,ÈıÖØ´ÌÍø,,,NA,10,NA,blackhead.seabream,Acanthopagrus schlegelii ,0.11,fish,´º¼¾,
49,28,ÈıÖØ´ÌÍø,,,NA,10,NA,eastern.viviparous.blenny,Zoarces elongatus,0.07,fish,´º¼¾,
49,28,ÈıÖØ´ÌÍø,,,NA,10,NA,fat.greenling,Hexagrammos otakii,0.05,fish,´º¼¾,
49,28,ÈıÖØ´ÌÍø,,,NA,10,NA,spotty-bellied.greenling,Hexagrammos agrammus,0.05,fish,´º¼¾,
49,28,ÈıÖØ´ÌÍø,,,NA,10,NA,spotted.halibut,Verasper variegatus,0.09,fish,´º¼¾,
49,28,ÈıÖØ´ÌÍø,,,NA,10,NA,mantis.shrimp,Oratosquilla oratoria,0.14,shrimp,´º¼¾,
49,28,ÈıÖØ´ÌÍø,,,NA,10,NA,trash.fish,,0.49,trash.fish,´º¼¾,
50,28,ÈıÖØ´ÌÍø,,,NA,6,NA,chub.mackerel,Scomber japonicus,0.03,fish,ÏÄ¼¾,
50,28,ÈıÖØ´ÌÍø,,,NA,6,NA,kammal.thryssa,Thrissa kammalensis,0.37,fish,ÏÄ¼¾,
50,28,ÈıÖØ´ÌÍø,,,NA,6,NA,Korean.rockfish,Sebastes schlegelii,0.3,fish,ÏÄ¼¾,
50,28,ÈıÖØ´ÌÍø,,,NA,6,NA,fat.greenling,Hexagrammos otakii,0.09,fish,ÏÄ¼¾,
50,28,ÈıÖØ´ÌÍø,,,NA,6,NA,Japanese.stone.crab,Charybdis japonica,0.17,crab,ÏÄ¼¾,
50,28,ÈıÖØ´ÌÍø,,,NA,6,NA,trash.fish,,0.04,trash.fish,ÏÄ¼¾,
51,29,Ë«×®ÓĞÒíµ¥ÄÒÕÅÍø,,,NA,25,NA,planktonic.shrimp,Acetes chinensis,0.29,shrimp,,
51,29,Ë«×®ÓĞÒíµ¥ÄÒÕÅÍø,,,NA,25,NA,mantis.shrimp,Oratosquilla oratoria,0.23,shrimp,,
51,29,Ë«×®ÓĞÒíµ¥ÄÒÕÅÍø,,,NA,25,NA,two-spot.swimming.crab,Charybdis bimaculata,0.15,crab,,
51,29,Ë«×®ÓĞÒíµ¥ÄÒÕÅÍø,,,NA,25,NA,p.h.crab,Portunus hastatoides,0.09,crab,,
51,29,Ë«×®ÓĞÒíµ¥ÄÒÕÅÍø,,,NA,25,NA,trash.fish,,0.24,trash.fish,,
52,30,´óĞÍ¸ÖÖÊµÆ¹âÕÖÍø,,,squid+pelagic,NA,0.97,jack,Carangidae,0.4,fish,½üº£Â½¼ÜÇø,
52,30,´óĞÍ¸ÖÖÊµÆ¹âÕÖÍø,,,squid+pelagic,NA,0.97,Japanese.squid,Loligo chinensis,0.21,cephalopods,½üº£Â½¼ÜÇø,
52,30,´óĞÍ¸ÖÖÊµÆ¹âÕÖÍø,,,squid+pelagic,NA,0.97,largehead.hairtail,Trichiurus haumela,0.19,fish,½üº£Â½¼ÜÇø,
52,30,´óĞÍ¸ÖÖÊµÆ¹âÕÖÍø,,,squid+pelagic,NA,0.97,tuna,Thunnus,0.15,fish,½üº£Â½¼ÜÇø,
52,30,´óĞÍ¸ÖÖÊµÆ¹âÕÖÍø,,,squid+pelagic,NA,0.97,moonfish,Mene maculata,0.01,fish,½üº£Â½¼ÜÇø,
52,30,´óĞÍ¸ÖÖÊµÆ¹âÕÖÍø,,,squid+pelagic,NA,0.97,puffer,Tetraodontidae,0.01,fish,½üº£Â½¼ÜÇø,
52,30,´óĞÍ¸ÖÖÊµÆ¹âÕÖÍø,,,squid+pelagic,NA,0.97,trash.fish,,0.03,trash.fish,½üº£Â½¼ÜÇø,
53,30,´óĞÍ¸ÖÖÊµÆ¹âÕÖÍø,,,squid+pelagic,NA,0.98,kite.squid,Symplectoteuthis oualaniensis,0.85,cephalopods,Íâº£ÉîË®Çø,
53,30,´óĞÍ¸ÖÖÊµÆ¹âÕÖÍø,,,squid+pelagic,NA,0.98,jack,Carangidae,0.07,fish,Íâº£ÉîË®Çø,
53,30,´óĞÍ¸ÖÖÊµÆ¹âÕÖÍø,,,squid+pelagic,NA,0.98,tuna,Thunnus,0.06,fish,Íâº£ÉîË®Çø,
53,30,´óĞÍ¸ÖÖÊµÆ¹âÕÖÍø,,,squid+pelagic,NA,0.98,trash.fish,,0.02,trash.fish,Íâº£ÉîË®Çø,
54,31,¶¨ÖÃÕÅÍø,,,NA,NA,NA,grenadier.anchovy,Coilia,0.35,fish,2009,
54,31,¶¨ÖÃÕÅÍø,,,NA,NA,NA,planktonic.shrimp,Acetes chinensis,0.26,shrimp,2009,
54,31,¶¨ÖÃÕÅÍø,,,NA,NA,NA,Bombay-duck,Harpodon nehereus,0.05,fish,2009,
54,31,¶¨ÖÃÕÅÍø,,,NA,NA,NA,white.prawn,Exopalaemons,0.04,shrimp,2009,
54,31,¶¨ÖÃÕÅÍø,,,NA,NA,NA,jellyfish,Scyphozoa,0.24,other,2009,
54,31,¶¨ÖÃÕÅÍø,,,NA,NA,NA,trash.fish,,0.07,trash.fish,2009,
55,31,¶¨ÖÃÕÅÍø,,,NA,NA,NA,grenadier.anchovy,Coilia,0.47,fish,2010,
55,31,¶¨ÖÃÕÅÍø,,,NA,NA,NA,planktonic.shrimp,Acetes chinensis,0.31,shrimp,2010,
55,31,¶¨ÖÃÕÅÍø,,,NA,NA,NA,Bombay-duck,Harpodon nehereus,0.12,fish,2010,
55,31,¶¨ÖÃÕÅÍø,,,NA,NA,NA,white.prawn,Exopalaemons,0.03,shrimp,2010,
55,31,¶¨ÖÃÕÅÍø,,,NA,NA,NA,trash.fish,,0.07,trash.fish,2010,
56,31,¶¨ÖÃÕÅÍø,,,NA,NA,NA,grenadier.anchovy,Coilia,0.63,fish,2011,
56,31,¶¨ÖÃÕÅÍø,,,NA,NA,NA,planktonic.shrimp,Acetes chinensis,0.19,shrimp,2011,
56,31,¶¨ÖÃÕÅÍø,,,NA,NA,NA,Bombay-duck,Harpodon nehereus,0.02,fish,2011,
56,31,¶¨ÖÃÕÅÍø,,,NA,NA,NA,white.prawn,Exopalaemons,0.03,shrimp,2011,
56,31,¶¨ÖÃÕÅÍø,,,NA,NA,NA,jellyfish,Scyphozoa,0.03,other,2011,
56,31,¶¨ÖÃÕÅÍø,,,NA,NA,NA,trash.fish,,0.1,trash.fish,2011,
57,32,Á÷´ÌÍø+¶¨ÖÃÕÅÍø+ÍÏÍø,,,NA,4,NA,NA,NA,NA,NA,¶¬,index.available
58,32,Á÷´ÌÍø+¶¨ÖÃÕÅÍø+ÍÏÍø,,,NA,20,NA,NA,NA,NA,NA,´º,index.available
59,32,Á÷´ÌÍø+¶¨ÖÃÕÅÍø+ÍÏÍø,,,NA,5,NA,NA,NA,NA,NA,ÏÄ,index.available
60,32,Á÷´ÌÍø+¶¨ÖÃÕÅÍø+ÍÏÍø,,,NA,13,NA,NA,NA,NA,NA,Çï,index.available
61,33,µ¥Æ¬ĞÍ´ÌÍø,,,mantis shrimp,12,0.52,mantis.shrimp,Oratosquilla oratoria,0.18,shrimp,µ¥Æ¬´ÌÍø,
61,33,µ¥Æ¬ĞÍ´ÌÍø,,,mantis shrimp,12,0.52,trash.fish,,0.82,trash.fish,µ¥Æ¬´ÌÍø,
62,33,"Ë«ÖØĞÍ´Ì
Íø",,,mantis shrimp,12,0.16,mantis.shrimp,Oratosquilla oratoria,0.19,shrimp,"Ë«ÖØ´Ì
Íø",
62,33,"Ë«ÖØĞÍ´Ì
Íø",,,mantis shrimp,12,0.16,trash.fish,,0.81,trash.fish,"Ë«ÖØ´Ì
Íø",
63,33,ÈıÖØ´ÌÍø,,,mantis shrimp,12,0.37,mantis.shrimp,Oratosquilla oratoria,0.37,shrimp,ÈıÖØ´ÌÍø,
63,33,ÈıÖØ´ÌÍø,,,mantis shrimp,12,0.37,trash.fish,,0.63,trash.fish,ÈıÖØ´ÌÍø,
64,34,¶¨ÖÃÕÅÍø,,,eel juveniles,75,0.01,lesser.glass.shrimp,Leptochela gracilis,0.08,shrimp,,
64,34,¶¨ÖÃÕÅÍø,,,eel juveniles,75,0.01,Chinese.ditch.prawn,Palaemon gravieri,0.12,shrimp,,
64,34,¶¨ÖÃÕÅÍø,,,eel juveniles,75,0.01,Japanese.snapping.shrimp,Alpheus japonicus,0.07,shrimp,,
64,34,¶¨ÖÃÕÅÍø,,,eel juveniles,75,0.01,planktonic.shrimp,Acetes chinensis,0.04,shrimp,,
64,34,¶¨ÖÃÕÅÍø,,,eel juveniles,75,0.01,seagrass.shrimp,Latreutes mucronatus,0.02,shrimp,,
64,34,¶¨ÖÃÕÅÍø,,,eel juveniles,75,0.01,Osbeck's.grenadier.anchovy,Coilia mystus,0.08,fish,,
64,34,¶¨ÖÃÕÅÍø,,,eel juveniles,75,0.01,swimming.crab,Portunus trituberculatus,0.08,crab,,
64,34,¶¨ÖÃÕÅÍø,,,eel juveniles,75,0.01,ridgetaiI.white.prawn,Exopalaemon carinicauda,0.02,shrimp,,
64,34,¶¨ÖÃÕÅÍø,,,eel juveniles,75,0.01,silver.fish,Protosalanx hyalocranius,0.05,fish,,
64,34,¶¨ÖÃÕÅÍø,,,eel juveniles,75,0.01,trash.fish,,0.44,trash.fish,,
65,35,¶¨ÖÃÍø,,,NA,112,NA,NA,NA,NA,NA,,index.available
66,36,´ÌÍø+µ¥ÍÏÍø+Ë«ÍÏÍø+¶¨ÖÃÍø,,,NA,33,NA,Japanese.anchovy,Engraulis japonicus,0.42,fish,2016,
66,36,´ÌÍø+µ¥ÍÏÍø+Ë«ÍÏÍø+¶¨ÖÃÍø,,,NA,33,NA,yellow.goosefish,Lophius litulon ,0.15,fish,2016,
66,36,´ÌÍø+µ¥ÍÏÍø+Ë«ÍÏÍø+¶¨ÖÃÍø,,,NA,33,NA,Japanese.Spanish.mackerel,Scomberomorus niphonius,0.06,fish,2016,
66,36,´ÌÍø+µ¥ÍÏÍø+Ë«ÍÏÍø+¶¨ÖÃÍø,,,NA,33,NA,jellyfish,Scyphozoa,0.05,other,2016,
66,36,´ÌÍø+µ¥ÍÏÍø+Ë«ÍÏÍø+¶¨ÖÃÍø,,,NA,33,NA,largehead.hairtail,Trichiurus haumela,0.04,fish,2016,
66,36,´ÌÍø+µ¥ÍÏÍø+Ë«ÍÏÍø+¶¨ÖÃÍø,,,NA,33,NA,rag.worm,Nereis succinea,0.03,other,2016,
66,36,´ÌÍø+µ¥ÍÏÍø+Ë«ÍÏÍø+¶¨ÖÃÍø,,,NA,33,NA,crimson.sea.bream,Parargy rops edita,0.03,fish,2016,
66,36,´ÌÍø+µ¥ÍÏÍø+Ë«ÍÏÍø+¶¨ÖÃÍø,,,NA,33,NA,common.hairfin.anchovy,Setipinna tenuifilis,0.02,fish,2016,
66,36,´ÌÍø+µ¥ÍÏÍø+Ë«ÍÏÍø+¶¨ÖÃÍø,,,NA,33,NA,mantis.shrimp,Oratosquilla oratoria,0.02,shrimp,2016,
66,36,´ÌÍø+µ¥ÍÏÍø+Ë«ÍÏÍø+¶¨ÖÃÍø,,,NA,33,NA,chub.mackerel,Scomber japonicus,0.02,fish,2016,
66,36,´ÌÍø+µ¥ÍÏÍø+Ë«ÍÏÍø+¶¨ÖÃÍø,,,NA,33,NA,whitespotted.conger,Astroconger myriaster,0.01,fish,2016,
66,36,´ÌÍø+µ¥ÍÏÍø+Ë«ÍÏÍø+¶¨ÖÃÍø,,,NA,33,NA,Tanaka's.snailfish,Liparis tanakae,0.01,fish,2016,
66,36,´ÌÍø+µ¥ÍÏÍø+Ë«ÍÏÍø+¶¨ÖÃÍø,,,NA,33,NA,Japanese.sardinella,Sardinella zunasi,0.01,fish,2016,
66,36,´ÌÍø+µ¥ÍÏÍø+Ë«ÍÏÍø+¶¨ÖÃÍø,,,NA,33,NA,trash.fish,,0.13,trash.fish,2016,
67,36,´ÌÍø+µ¥ÍÏÍø+Ë«ÍÏÍø+¶¨ÖÃÍø,,,NA,32,NA,Japanese.anchovy,Engraulis japonicus,0.31,fish,2017,
67,36,´ÌÍø+µ¥ÍÏÍø+Ë«ÍÏÍø+¶¨ÖÃÍø,,,NA,32,NA,Japanese.Spanish.mackerel,Scomberomorus niphonius,0.02,fish,2017,
67,36,´ÌÍø+µ¥ÍÏÍø+Ë«ÍÏÍø+¶¨ÖÃÍø,,,NA,32,NA,largehead.hairtail,Trichiurus haumela,0.01,fish,2017,
67,36,´ÌÍø+µ¥ÍÏÍø+Ë«ÍÏÍø+¶¨ÖÃÍø,,,NA,32,NA,yellow.goosefish,Lophius litulon ,0.13,fish,2017,
67,36,´ÌÍø+µ¥ÍÏÍø+Ë«ÍÏÍø+¶¨ÖÃÍø,,,NA,32,NA,Tanaka's.snailfish,Liparis tanakae,0.1,fish,2017,
67,36,´ÌÍø+µ¥ÍÏÍø+Ë«ÍÏÍø+¶¨ÖÃÍø,,,NA,32,NA,snakefish,Trachinocephalus myops,0.02,fish,2017,
67,36,´ÌÍø+µ¥ÍÏÍø+Ë«ÍÏÍø+¶¨ÖÃÍø,,,NA,32,NA,mantis.shrimp,Oratosquilla oratoria,0.16,shrimp,2017,
67,36,´ÌÍø+µ¥ÍÏÍø+Ë«ÍÏÍø+¶¨ÖÃÍø,,,NA,32,NA,jellyfish,Scyphozoa,0.04,other,2017,
67,36,´ÌÍø+µ¥ÍÏÍø+Ë«ÍÏÍø+¶¨ÖÃÍø,,,NA,32,NA,trash.fish,,0.21,trash.fish,2017,
68,36,´ÌÍø+µ¥ÍÏÍø+Ë«ÍÏÍø+¶¨ÖÃÍø,,,NA,33,NA,Japanese.anchovy,Engraulis japonicus,0.08,fish,2018,
68,36,´ÌÍø+µ¥ÍÏÍø+Ë«ÍÏÍø+¶¨ÖÃÍø,,,NA,33,NA,Japanese.Spanish.mackerel,Scomberomorus niphonius,0.1,fish,2018,
68,36,´ÌÍø+µ¥ÍÏÍø+Ë«ÍÏÍø+¶¨ÖÃÍø,,,NA,33,NA,Japanese.sardinella,Sardinella zunasi,0.01,fish,2018,
68,36,´ÌÍø+µ¥ÍÏÍø+Ë«ÍÏÍø+¶¨ÖÃÍø,,,NA,33,NA,largehead.hairtail,Trichiurus haumela,0.06,fish,2018,
68,36,´ÌÍø+µ¥ÍÏÍø+Ë«ÍÏÍø+¶¨ÖÃÍø,,,NA,33,NA,yellow.goosefish,Lophius litulon ,0.22,fish,2018,
68,36,´ÌÍø+µ¥ÍÏÍø+Ë«ÍÏÍø+¶¨ÖÃÍø,,,NA,33,NA,whitespotted.conger,Astroconger myriaster,0.01,fish,2018,
68,36,´ÌÍø+µ¥ÍÏÍø+Ë«ÍÏÍø+¶¨ÖÃÍø,,,NA,33,NA,small.yellow.croaker,Larimichthys polyactis,0.05,fish,2018,
68,36,´ÌÍø+µ¥ÍÏÍø+Ë«ÍÏÍø+¶¨ÖÃÍø,,,NA,33,NA,Tanaka's.snailfish,Liparis tanakae,0.14,fish,2018,
68,36,´ÌÍø+µ¥ÍÏÍø+Ë«ÍÏÍø+¶¨ÖÃÍø,,,NA,33,NA,mantis.shrimp,Oratosquilla oratoria,0.05,shrimp,2018,
68,36,´ÌÍø+µ¥ÍÏÍø+Ë«ÍÏÍø+¶¨ÖÃÍø,,,NA,33,NA,swimming.crab,Portunus trituberculatus,0.02,crab,2018,
68,36,´ÌÍø+µ¥ÍÏÍø+Ë«ÍÏÍø+¶¨ÖÃÍø,,,NA,33,NA,octopus,Octopodidae,0.03,cephalopods,2018,
68,36,´ÌÍø+µ¥ÍÏÍø+Ë«ÍÏÍø+¶¨ÖÃÍø,,,NA,33,NA,jellyfish,Scyphozoa,0.08,other,2018,
68,36,´ÌÍø+µ¥ÍÏÍø+Ë«ÍÏÍø+¶¨ÖÃÍø,,,NA,33,NA,trash.fish,,0.15,trash.fish,2018,
69,37,µÆ¹âÕÖÍø,,,squid+pelagic,40,0.94,kite.squid,Symplectoteuthis oualaniensis,0.28,cephalopods,´º,
69,37,µÆ¹âÕÖÍø,,,squid+pelagic,40,0.94,frigate.tuna,Auxis tapeinosoma,0.66,fish,´º,
69,37,µÆ¹âÕÖÍø,,,squid+pelagic,40,0.94,Atlantic pomfret,brama japonica,0.01,fish,´º,
69,37,µÆ¹âÕÖÍø,,,squid+pelagic,40,0.94,frigate.tuna,Auxis thazard,0.01,fish,´º,
69,37,µÆ¹âÕÖÍø,,,squid+pelagic,40,0.94,trash.fish,,0.04,trash.fish,´º,
70,37,µÆ¹âÕÖÍø,,,squid+pelagic,72,0.97,frigate.tuna,Auxis tapeinosoma,0.76,fish,Çï,
70,37,µÆ¹âÕÖÍø,,,squid+pelagic,72,0.97,kite.squid,Symplectoteuthis oualaniensis,0.17,cephalopods,Çï,
70,37,µÆ¹âÕÖÍø,,,squid+pelagic,72,0.97,Atlantic pomfret,brama japonica,0.04,fish,Çï,
70,37,µÆ¹âÕÖÍø,,,squid+pelagic,72,0.97,trash.fish,,0.03,trash.fish,Çï,
71,38,Ğ·Áı,,,crab,25,0.98,crab,Brachyura,0.98,crab,,
71,38,Ğ·Áı,,,crab,25,0.98,trash.fish,,0.02,trash.fish,,
72,39,ÕÛµşÊ½ÓæÁı,,,NA,48,NA,crab,Brachyura,0.51,crab,,
72,39,ÕÛµşÊ½ÓæÁı,,,NA,48,NA,fish,,0.41,fish,,
72,39,ÕÛµşÊ½ÓæÁı,,,NA,48,NA,cephalopods,cephalops,0.06,cephalopods,,
72,39,ÕÛµşÊ½ÓæÁı,,,NA,48,NA,trash.fish,,0.02,trash.fish,,
73,40,Ë«×®Êú¸ËÕÅÍø£¨Ì³×ÓÍø£©,,,NA,52,NA,small.yellow.croaker,Larimichthys polyactis,0.71,fish,,
73,40,Ë«×®Êú¸ËÕÅÍø£¨Ì³×ÓÍø£©,,,NA,52,NA,largehead.hairtail,Trichiurus haumela,0.04,fish,,
73,40,Ë«×®Êú¸ËÕÅÍø£¨Ì³×ÓÍø£©,,,NA,52,NA,kammal.thryssa,Thrissa kammalensis,0.01,fish,,
73,40,Ë«×®Êú¸ËÕÅÍø£¨Ì³×ÓÍø£©,,,NA,52,NA,swimming.crab,Portunus trituberculatus,0.07,crab,,
73,40,Ë«×®Êú¸ËÕÅÍø£¨Ì³×ÓÍø£©,,,NA,52,NA,Japanese.sardinella,Sardinella zunasi,0.01,fish,,
73,40,Ë«×®Êú¸ËÕÅÍø£¨Ì³×ÓÍø£©,,,NA,52,NA,trash.fish,,0.16,trash.fish,,
74,41,ÈıÖØ´ÌÍø,,,NA,14,NA,NA,NA,NA,NA,Ğ¡Ê¯µº-´º,
75,41,µØÁı,,,NA,20,NA,NA,NA,NA,NA,Ğ¡Ê¯µº-´º,
76,41,ÈıÖØ´ÌÍø,,,NA,15,NA,NA,NA,NA,NA,Ğ¡Ê¯µº-ÏÄ,
77,41,µØÁı,,,NA,17,NA,NA,NA,NA,NA,Ğ¡Ê¯µº-ÏÄ,
78,41,ÈıÖØ´ÌÍø,,,NA,7,NA,NA,NA,NA,NA,Ğ¡Ê¯µº-¶¬,
79,41,µØÁı,,,NA,7,NA,NA,NA,NA,NA,Ğ¡Ê¯µº-¶¬,
80,41,ÈıÖØ´ÌÍø,,,NA,16,NA,NA,NA,NA,NA,Ùµµº-´º,
81,41,µØÁı,,,NA,19,NA,NA,NA,NA,NA,Ùµµº-´º,
82,41,ÈıÖØ´ÌÍø,,,NA,11,NA,NA,NA,NA,NA,Ùµµº-ÏÄ,
83,41,µØÁı,,,NA,12,NA,NA,NA,NA,NA,Ùµµº-ÏÄ,
84,41,ÈıÖØ´ÌÍø,,,NA,13,NA,NA,NA,NA,NA,Ùµµº-¶¬,
85,41,µØÁı,,,NA,12,NA,NA,NA,NA,NA,Ùµµº-¶¬,
86,42,ÑÓÉşµö,,,tuna,33,0.35,long.snouted.lancetfish,Alepisaurus ferox,0.11,fish,´º,
86,42,ÑÓÉşµö,,,tuna,33,0.35,snake.mackerel,Gempylus serpens,0.03,fish,´º,
86,42,ÑÓÉşµö,,,tuna,33,0.35,sickle.pomfret,Taractichthys steindachneri,0.05,fish,´º,
86,42,ÑÓÉşµö,,,tuna,33,0.35,pelagic.stingray,Dasyatis atratus,0.05,fish,´º,
86,42,ÑÓÉşµö,,,tuna,33,0.35,bigeye.tuna,Thunnus obesus,0.28,fish,´º,
86,42,ÑÓÉşµö,,,tuna,33,0.35,Opah,Lampris guttatus,0.12,fish,´º,
86,42,ÑÓÉşµö,,,tuna,33,0.35,wahoo,Acanthocybium solandi,0.04,fish,´º,
86,42,ÑÓÉşµö,,,tuna,33,0.35,yellowfin.tuna,Thunnus albacores,0.07,fish,´º,
86,42,ÑÓÉşµö,,,tuna,33,0.35,blue.shark,Prionace glauca,0.1,fish,´º,
86,42,ÑÓÉşµö,,,tuna,33,0.35,swordfish,Xiphias gladius,0.02,fish,´º,
86,42,ÑÓÉşµö,,,tuna,33,0.35,pelagic.thresher,Alopias pelagicus,0.04,fish,´º,
86,42,ÑÓÉşµö,,,tuna,33,0.35,trash.fish,,0.09,trash.fish,´º,
87,42,ÑÓÉşµö,,,tuna,33,0.21,long.snouted.lancetfish,Alepisaurus ferox,0.32,fish,ÏÄ,
87,42,ÑÓÉşµö,,,tuna,33,0.21,snake.mackerel,Gempylus serpens,0.01,fish,ÏÄ,
87,42,ÑÓÉşµö,,,tuna,33,0.21,sickle.pomfret,Taractichthys steindachneri,0.03,fish,ÏÄ,
87,42,ÑÓÉşµö,,,tuna,33,0.21,pelagic.stingray,Dasyatis atratus,0.05,fish,ÏÄ,
87,42,ÑÓÉşµö,,,tuna,33,0.21,bigeye.tuna,Thunnus obesus,0.2,fish,ÏÄ,
87,42,ÑÓÉşµö,,,tuna,33,0.21,Opah,Lampris guttatus,0.1,fish,ÏÄ,
87,42,ÑÓÉşµö,,,tuna,33,0.21,wahoo,Acanthocybium solandi,0.01,fish,ÏÄ,
87,42,ÑÓÉşµö,,,tuna,33,0.21,yellowfin.tuna,Thunnus albacores,0.01,fish,ÏÄ,
87,42,ÑÓÉşµö,,,tuna,33,0.21,blue.shark,Prionace glauca,0.17,fish,ÏÄ,
87,42,ÑÓÉşµö,,,tuna,33,0.21,trash.fish,,0.1,trash.fish,ÏÄ,
88,42,ÑÓÉşµö,,,tuna,33,0.23,long.snouted.lancetfish,Alepisaurus ferox,0.17,fish,Çï,
88,42,ÑÓÉşµö,,,tuna,33,0.23,sickle.pomfret,Taractichthys steindachneri,0.1,fish,Çï,
88,42,ÑÓÉşµö,,,tuna,33,0.23,bigeye.tuna,Thunnus obesus,0.17,fish,Çï,
88,42,ÑÓÉşµö,,,tuna,33,0.23,Opah,Lampris guttatus,0.2,fish,Çï,
88,42,ÑÓÉşµö,,,tuna,33,0.23,yellowfin.tuna,Thunnus albacores,0.06,fish,Çï,
88,42,ÑÓÉşµö,,,tuna,33,0.23,blue.shark,Prionace glauca,0.06,fish,Çï,
88,42,ÑÓÉşµö,,,tuna,33,0.23,trash.fish,,0.24,trash.fish,Çï,
89,42,ÑÓÉşµö,,,tuna,33,0.25,long.snouted.lancetfish,Alepisaurus ferox,0.06,fish,¶¬,
89,42,ÑÓÉşµö,,,tuna,33,0.25,snake.mackerel,Gempylus serpens,0.02,fish,¶¬,
89,42,ÑÓÉşµö,,,tuna,33,0.25,sickle.pomfret,Taractichthys steindachneri,0.11,fish,¶¬,
89,42,ÑÓÉşµö,,,tuna,33,0.25,pelagic.stingray,Dasyatis atratus,0.01,fish,¶¬,
89,42,ÑÓÉşµö,,,tuna,33,0.25,bigeye.tuna,Thunnus obesus,0.21,fish,¶¬,
89,42,ÑÓÉşµö,,,tuna,33,0.25,Opah,Lampris guttatus,0.18,fish,¶¬,
89,42,ÑÓÉşµö,,,tuna,33,0.25,wahoo,Acanthocybium solandi,0.01,fish,¶¬,
89,42,ÑÓÉşµö,,,tuna,33,0.25,yellowfin.tuna,Thunnus albacores,0.04,fish,¶¬,
89,42,ÑÓÉşµö,,,tuna,33,0.25,blue.shark,Prionace glauca,0.05,fish,¶¬,
89,42,ÑÓÉşµö,,,tuna,33,0.25,trash.fish,,0.31,trash.fish,¶¬,
90,43,èì¸Ëµ¥ÃªÕÅÍø,,,planktonic shrimp,NA,0.9,planktonic.shrimp,Acetes chinensis,0.9,shrimp,,
90,43,èì¸Ëµ¥ÃªÕÅÍø,,,Acetes,NA,0.9,trash.fish,,0.1,trash.fish,,
91,44,·«ÕÅÍø,,,small yellow croaker+hairtail+pomfret,77,0.32,largehead.hairtail,Trichiurus haumela,0.09,fish,,
91,44,·«ÕÅÍø,,,small yellow croaker+hairtail+pomfret,77,0.32,small.yellow.croaker,Larimichthys polyactis,0.21,fish,,
91,44,·«ÕÅÍø,,,small yellow croaker+hairtail+pomfret,77,0.32,silver.pomfret,Pampus argenteus,0.02,fish,,
91,44,·«ÕÅÍø,,,small yellow croaker+hairtail+pomfret,77,0.32,other.commercial.species,,0.11,fish,,
91,44,·«ÕÅÍø,,,small yellow croaker+hairtail+pomfret,77,0.32,shrimp,decapod,0.02,shrimp,,
91,44,·«ÕÅÍø,,,small yellow croaker+hairtail+pomfret,77,0.32,crab,Brachyura,0.05,crab,,
91,44,·«ÕÅÍø,,,small yellow croaker+hairtail+pomfret,77,0.32,trash.fish,,0.51,trash.fish,,
92,45,µÆ¹â·óÍø,,,squid+pelagic,NA,0.89,cephalopods,cephalops,0.1,cephalopods,2010,
92,45,µÆ¹â·óÍø,,,squid+pelagic,NA,0.89,mackerel,,0.23,fish,2010,
92,45,µÆ¹â·óÍø,,,squid+pelagic,NA,0.89,frigate.tuna,Auxis thazard,0.43,fish,2010,
92,45,µÆ¹â·óÍø,,,squid+pelagic,NA,0.89,largehead.hairtail,Trichiurus haumela,0.06,fish,2010,
92,45,µÆ¹â·óÍø,,,squid+pelagic,NA,0.89,mackerel,Scomberomorus,0.07,fish,2010,
92,45,µÆ¹â·óÍø,,,squid+pelagic,NA,0.89,trash.fish,,0.11,trash.fish,2010,
93,45,µÆ¹â·óÍø,,,squid+pelagic,NA,0.96,cephalopods,cephalops,0.15,cephalopods,2011,
93,45,µÆ¹â·óÍø,,,squid+pelagic,NA,0.96,mackerel,,0.37,fish,2011,
93,45,µÆ¹â·óÍø,,,squid+pelagic,NA,0.96,frigate.tuna,Auxis thazard,0.38,fish,2011,
93,45,µÆ¹â·óÍø,,,squid+pelagic,NA,0.96,largehead.hairtail,Trichiurus haumela,0.04,fish,2011,
93,45,µÆ¹â·óÍø,,,squid+pelagic,NA,0.96,mackerel,Scomberomorus,0.02,fish,2011,
93,45,µÆ¹â·óÍø,,,squid+pelagic,NA,0.96,trash.fish,,0.04,trash.fish,2011,
94,45,µÆ¹â·óÍø,,,squid+pelagic,NA,0.94,cephalopods,cephalops,0.15,cephalopods,2012,
94,45,µÆ¹â·óÍø,,,squid+pelagic,NA,0.94,mackerel,,0.18,fish,2012,
94,45,µÆ¹â·óÍø,,,squid+pelagic,NA,0.94,frigate.tuna,Auxis thazard,0.45,fish,2012,
94,45,µÆ¹â·óÍø,,,squid+pelagic,NA,0.94,largehead.hairtail,Trichiurus haumela,0.16,fish,2012,
94,45,µÆ¹â·óÍø,,,squid+pelagic,NA,0.94,mackerel,Scomberomorus,0,fish,2012,
94,45,µÆ¹â·óÍø,,,squid+pelagic,NA,0.94,trash.fish,,0.06,trash.fish,2012,
95,45,µÆ¹â·óÍø,,,squid+pelagic,NA,0.93,cephalopods,cephalops,0.06,cephalopods,2013,
95,45,µÆ¹â·óÍø,,,squid+pelagic,NA,0.93,mackerel,,0.22,fish,2013,
95,45,µÆ¹â·óÍø,,,squid+pelagic,NA,0.93,frigate.tuna,Auxis thazard,0.33,fish,2013,
95,45,µÆ¹â·óÍø,,,squid+pelagic,NA,0.93,largehead.hairtail,Trichiurus haumela,0.32,fish,2013,
95,45,µÆ¹â·óÍø,,,squid+pelagic,NA,0.93,mackerel,Scomberomorus,0,fish,2013,
95,45,µÆ¹â·óÍø,,,squid+pelagic,NA,0.93,trash.fish,,0.07,trash.fish,2013,
96,45,µÆ¹â·óÍø,,,squid+pelagic,NA,0.98,cephalopods,cephalops,0.03,cephalopods,2014,
96,45,µÆ¹â·óÍø,,,squid+pelagic,NA,0.98,mackerel,,0.75,fish,2014,
96,45,µÆ¹â·óÍø,,,squid+pelagic,NA,0.98,frigate.tuna,Auxis thazard,0.04,fish,2014,
96,45,µÆ¹â·óÍø,,,squid+pelagic,NA,0.98,largehead.hairtail,Trichiurus haumela,0.15,fish,2014,
96,45,µÆ¹â·óÍø,,,squid+pelagic,NA,0.98,mackerel,Scomberomorus,0.01,fish,2014,
96,45,µÆ¹â·óÍø,,,squid+pelagic,NA,0.98,trash.fish,,0.02,trash.fish,2014,
97,46,¶¨ÖÃÍø,,,eel juveniles,36,0.05,eel.juvenile,Anguilliformes,0.05,fish,,
97,46,¶¨ÖÃÍø,,,eel juveniles,36,0.05,trash.fish,,0.95,trash.fish,,
98,47,µ¥Æ¬´ÌÍø,,,mantis shrimp,11,0.45,mantis.shrimp,Oratosquilla oratoria,0.45,shrimp,µ¥Æ¬´ÌÍø,
98,47,µ¥Æ¬´ÌÍø,,,mantis shrimp,11,0.45,Japanese.seabass,Lateolabrax japonicas,0.31,fish,µ¥Æ¬´ÌÍø,
98,47,µ¥Æ¬´ÌÍø,,,mantis shrimp,11,0.45,Rubicundus eelgoby ,Odontamblyopus rubicundus,0.13,fish,µ¥Æ¬´ÌÍø,
98,47,µ¥Æ¬´ÌÍø,,,mantis shrimp,11,0.45,trash.fish,,0.11,trash.fish,µ¥Æ¬´ÌÍø,
99,47,Ë«ÖØ´ÌÍø,,,mantis shrimp,11,0.55,mantis.shrimp,Oratosquilla oratoria,0.55,shrimp,Ë«ÖØ´ÌÍø,
99,47,Ë«ÖØ´ÌÍø,,,mantis shrimp,11,0.55,Japanese.seabass,Lateolabrax japonicas,0.28,fish,Ë«ÖØ´ÌÍø,
99,47,Ë«ÖØ´ÌÍø,,,mantis shrimp,11,0.55,Rubicundus eelgoby ,Odontamblyopus rubicundus,0.03,fish,Ë«ÖØ´ÌÍø,
99,47,Ë«ÖØ´ÌÍø,,,mantis shrimp,11,0.55,trash.fish,,0.14,trash.fish,Ë«ÖØ´ÌÍø,
100,47,ÈıÖØ´ÌÍø,,,mantis shrimp,9,0.68,mantis.shrimp,Oratosquilla oratoria,0.68,shrimp,ÈıÖØ´ÌÍø,
100,47,ÈıÖØ´ÌÍø,,,mantis shrimp,9,0.68,Japanese.seabass,Lateolabrax japonicas,0.12,fish,ÈıÖØ´ÌÍø,
100,47,ÈıÖØ´ÌÍø,,,mantis shrimp,9,0.68,Rubicundus eelgoby ,Odontamblyopus rubicundus,0.05,fish,ÈıÖØ´ÌÍø,
100,47,ÈıÖØ´ÌÍø,,,mantis shrimp,9,0.68,trash.fish,,0.15,trash.fish,ÈıÖØ´ÌÍø,
101,48,¶¡ÏãÓãÎ§Íø,,,Japanese anchovy juvenile,26,0.96,Japanese.anchovy,Engraulis japonicus,0.96,fish,,
101,48,¶¡ÏãÓãÎ§Íø,,,Japanese anchovy juvenile,26,0.96,chub.mackerel,Scomber japonicus,0.01,fish,,
101,48,¶¡ÏãÓãÎ§Íø,,,Japanese anchovy juvenile,26,0.96,trash.fish,,0.03,trash.fish,,
102,49,µ¥´¬¿ò¼ÜÍÏÍø,,,shrimp,59,0.3,bartail.flathead,Platycephalus?indicus,0.19,fish,,
102,49,µ¥´¬¿ò¼ÜÍÏÍø,,,shrimp,59,0.3,swimming.crab,Portunus trituberculatus,0.04,crab,,
102,49,µ¥´¬¿ò¼ÜÍÏÍø,,,shrimp,59,0.3,shortarmoctopus,Octopus ocellatus,0.06,cephalopods,,
102,49,µ¥´¬¿ò¼ÜÍÏÍø,,,shrimp,59,0.3,white-hair.rough.shrimp,Trachypenaeus curvirostris,0.08,shrimp,,
102,49,µ¥´¬¿ò¼ÜÍÏÍø,,,shrimp,59,0.3,mantis.shrimp,Oratosquilla oratoria,0.22,shrimp,,
102,49,µ¥´¬¿ò¼ÜÍÏÍø,,,shrimp,59,0.3,trash.fish,,0.41,trash.fish,,
103,50,Á÷´ÌÍø,,,NA,22,NA,NA,NA,NA,NA,´º,index.available
104,50,Á÷´ÌÍø,,,NA,5,NA,NA,NA,NA,NA,ÏÄ,index.available
105,50,Á÷´ÌÍø,,,NA,24,NA,NA,NA,NA,NA,Çï,index.available
106,50,Á÷´ÌÍø,,,NA,6,NA,NA,NA,NA,NA,¶¬,index.available
107,51,µØÁıÍø,,,NA,37,NA,stone.flounder,Kareius bicoloratus,0.08,fish,,
107,51,µØÁıÍø,,,NA,37,NA,c.j.shrimp,Crangon affinis,0.2,shrimp,,
107,51,µØÁıÍø,,,NA,37,NA,Japanese.stone.crab,Charybdis japonica,0.07,crab,,
107,51,µØÁıÍø,,,NA,37,NA,d.j.crab,Dorippe japonica,0.07,crab,,
107,51,µØÁıÍø,,,NA,37,NA,hermit.crab,Paguridae,0.11,crab,,
107,51,µØÁıÍø,,,NA,37,NA,mantis.shrimp,Oratosquilla oratoria,0.26,shrimp,,
107,51,µØÁıÍø,,,NA,37,NA,trash.fish,,0.21,trash.fish,,
108,52,Ë«ÍÏÍø,,,NA,51,NA,Japanese.Spanish.mackerel,Scomberomorus niphonius,0.32,fish,,
108,52,Ë«ÍÏÍø,,,NA,51,NA,largehead.hairtail,Trichiurus haumela,0.29,fish,,
108,52,Ë«ÍÏÍø,,,NA,51,NA,silver.pomfret,Pampus argenteus,0.17,fish,,
108,52,Ë«ÍÏÍø,,,NA,51,NA,Japanese.jack.mackerel,Trachurus japonicus,0.05,fish,,
108,52,Ë«ÍÏÍø,,,NA,51,NA,small.yellow.croaker,Larimichthys polyactis,0.04,fish,,
108,52,Ë«ÍÏÍø,,,NA,51,NA,swimming.crab,Portunus trituberculatus,0.03,crab,,
108,52,Ë«ÍÏÍø,,,NA,51,NA,chub.mackerel,Scomber japonicus,0.03,fish,,
108,52,Ë«ÍÏÍø,,,NA,51,NA,common.hairfin.anchovy,Setipinna tenuifilis,0.02,fish,,
108,52,Ë«ÍÏÍø,,,NA,51,NA,trash.fish,,0.05,trash.fish,,
109,53,¶àÃªµ¥Æ¬ÕÅÍø,,,shrimp+small yellow croaker+light maigre,24,0.45,light.maigre,collichthys lucidus,0.2,fish,,25mm
109,53,¶àÃªµ¥Æ¬ÕÅÍø,,,shrimp+small yellow croaker+light maigre,24,0.45,A.o.goby,Acanthogobius ommaturus,0.26,fish,,
109,53,¶àÃªµ¥Æ¬ÕÅÍø,,,shrimp+small yellow croaker+light maigre,24,0.45,mantis.shrimp,Oratosquilla oratoria,0.09,shrimp,,
109,53,¶àÃªµ¥Æ¬ÕÅÍø,,,shrimp+small yellow croaker+light maigre,24,0.45,Japanese.stone.crab,Charybdis japonica,0.14,crab,,
109,53,¶àÃªµ¥Æ¬ÕÅÍø,,,shrimp+small yellow croaker+light maigre,24,0.45,Chinese.ditch.prawn,Palaemon gravieri,0.16,shrimp,,
109,53,¶àÃªµ¥Æ¬ÕÅÍø,,,shrimp+small yellow croaker+light maigre,24,0.45,trash.fish,,0.16,trash.fish,,
110,54,´ÌÍø,,,NA,NA,NA,NA,NA,NA,NA,´ÌÍø-Çï,index.available
111,54,µØÁı,,,NA,NA,NA,NA,NA,NA,NA,µØÁı-Çï,index.available
112,54,´ÌÍø,,,NA,NA,NA,NA,NA,NA,NA,´ÌÍø-¶¬,index.available
113,54,µØÁı,,,NA,NA,NA,NA,NA,NA,NA,µØÁı-¶¬,index.available
114,54,´ÌÍø,,,NA,NA,NA,NA,NA,NA,NA,´ÌÍø-´º,index.available
115,54,µØÁı,,,NA,NA,NA,NA,NA,NA,NA,µØÁı-´º,index.available
116,54,´ÌÍø,,,NA,NA,NA,NA,NA,NA,NA,´ÌÍø-ÏÄ,index.available
117,54,µØÁı,,,NA,NA,NA,NA,NA,NA,NA,µØÁı-ÏÄ,index.available
118,55,µ¥Æ¬´ÌÍø,,,NA,18,NA,chub.mackerel,Scomber japonicus,0.09,fish,µ¥Æ¬´ÌÍø,50mm
118,55,µ¥Æ¬´ÌÍø,,,NA,18,NA,small.yellow.croaker,Larimichthys polyactis,0.1,fish,µ¥Æ¬´ÌÍø,50mm
118,55,µ¥Æ¬´ÌÍø,,,NA,18,NA,pointhead.flounder,Cleisthenes herzensteini,0.12,fish,µ¥Æ¬´ÌÍø,50mm
118,55,µ¥Æ¬´ÌÍø,,,NA,18,NA,Tanaka's.snailfish,Liparis tanakae,0.34,fish,µ¥Æ¬´ÌÍø,50mm
118,55,µ¥Æ¬´ÌÍø,,,NA,18,NA,yellow.goosefish,Lophius litulon,0.18,fish,µ¥Æ¬´ÌÍø,50mm
118,55,µ¥Æ¬´ÌÍø,,,NA,18,NA,silver.croaker,Argy rosomus argentatus,0.05,fish,µ¥Æ¬´ÌÍø,50mm
118,55,µ¥Æ¬´ÌÍø,,,NA,18,NA,trash.fish,,0.12,trash.fish,µ¥Æ¬´ÌÍø,50mm
119,55,Ë«ÖØ´ÌÍø,,,NA,21,NA,chub.mackerel,Scomber japonicus,0.05,fish,Ë«ÖØ´ÌÍø,50mm
119,55,Ë«ÖØ´ÌÍø,,,NA,21,NA,small.yellow.croaker,Larimichthys polyactis,0.03,fish,Ë«ÖØ´ÌÍø,50mm
119,55,Ë«ÖØ´ÌÍø,,,NA,21,NA,pointhead.flounder,Cleisthenes herzensteini,0.13,fish,Ë«ÖØ´ÌÍø,50mm
119,55,Ë«ÖØ´ÌÍø,,,NA,21,NA,Tanaka's.snailfish,Liparis tanakae,0.32,fish,Ë«ÖØ´ÌÍø,50mm
119,55,Ë«ÖØ´ÌÍø,,,NA,21,NA,yellow.goosefish,Lophius litulon,0.26,fish,Ë«ÖØ´ÌÍø,50mm
119,55,Ë«ÖØ´ÌÍø,,,NA,21,NA,silver.croaker,Argy rosomus argentatus,0.07,fish,Ë«ÖØ´ÌÍø,50mm
119,55,Ë«ÖØ´ÌÍø,,,NA,21,NA,trash.fish,,0.14,trash.fish,Ë«ÖØ´ÌÍø,50mm
120,55,ÈıÖØ´ÌÍø,,,NA,24,NA,chub.mackerel,Scomber japonicus,0.06,fish,ÈıÖØ´ÌÍø,50mm
120,55,ÈıÖØ´ÌÍø,,,NA,24,NA,small.yellow.croaker,Larimichthys polyactis,0.03,fish,ÈıÖØ´ÌÍø,50mm
120,55,ÈıÖØ´ÌÍø,,,NA,24,NA,pointhead.flounder,Cleisthenes herzensteini,0.11,fish,ÈıÖØ´ÌÍø,50mm
120,55,ÈıÖØ´ÌÍø,,,NA,24,NA,Tanaka's.snailfish,Liparis tanakae,0.25,fish,ÈıÖØ´ÌÍø,50mm
120,55,ÈıÖØ´ÌÍø,,,NA,24,NA,yellow.goosefish,Lophius litulon,0.3,fish,ÈıÖØ´ÌÍø,50mm
120,55,ÈıÖØ´ÌÍø,,,NA,24,NA,silver.croaker,Argy rosomus argentatus,0.08,fish,ÈıÖØ´ÌÍø,50mm
120,55,ÈıÖØ´ÌÍø,,,NA,24,NA,trash.fish,,0.17,trash.fish,ÈıÖØ´ÌÍø,50mm
121,56,µÆ¹âÕÖÍø,,,squid+pelagic,35,0.99,kite.squid,Symplectoteuthis oualaniensis,0.48,cephalopods,ÉÏÉıÁ÷Óæ³¡-´º¼¾,
121,56,µÆ¹âÕÖÍø,,,squid+pelagic,35,0.99,mackerel.scad,Decapterus macarellus,0.11,fish,ÉÏÉıÁ÷Óæ³¡-´º¼¾,
121,56,µÆ¹âÕÖÍø,,,squid+pelagic,35,0.99,shortfin.scad,Decapterus macrosoma,0.02,fish,ÉÏÉıÁ÷Óæ³¡-´º¼¾,
121,56,µÆ¹âÕÖÍø,,,squid+pelagic,35,0.99,frigate.tuna,Auxis tapeinosoma,0.02,fish,ÉÏÉıÁ÷Óæ³¡-´º¼¾,
121,56,µÆ¹âÕÖÍø,,,squid+pelagic,35,0.99,frigate.tuna,Auxis thazard,0.01,fish,ÉÏÉıÁ÷Óæ³¡-´º¼¾,
121,56,µÆ¹âÕÖÍø,,,squid+pelagic,35,0.99,skipjack.tuna,Katsuwonus pelamis,0.03,fish,ÉÏÉıÁ÷Óæ³¡-´º¼¾,
121,56,µÆ¹âÕÖÍø,,,squid+pelagic,35,0.99,Pacific pomfret,B.japonica,0.04,fish,ÉÏÉıÁ÷Óæ³¡-´º¼¾,
121,56,µÆ¹âÕÖÍø,,,squid+pelagic,35,0.99,mahi-mahi,Coryphaena hippurus,0.26,fish,ÉÏÉıÁ÷Óæ³¡-´º¼¾,
121,56,µÆ¹âÕÖÍø,,,squid+pelagic,35,0.99,rhomboid.squid,Thysanoteuthis rhombus,0.02,cephalopods,ÉÏÉıÁ÷Óæ³¡-´º¼¾,
121,56,µÆ¹âÕÖÍø,,,squid+pelagic,35,0.99,trash.fish,,0.01,trash.fish,ÉÏÉıÁ÷Óæ³¡-´º¼¾,
122,56,µÆ¹âÕÖÍø,,,squid+pelagic,34,0.99,kite.squid,Symplectoteuthis oualaniensis,0.41,cephalopods,ÉÏÉıÁ÷Óæ³¡-Çï¼¾,
122,56,µÆ¹âÕÖÍø,,,squid+pelagic,34,0.99,shortfin.scad,Decapterus macrosoma,0.04,fish,ÉÏÉıÁ÷Óæ³¡-Çï¼¾,
122,56,µÆ¹âÕÖÍø,,,squid+pelagic,34,0.99,frigate.tuna,Auxis tapeinosoma,0.07,fish,ÉÏÉıÁ÷Óæ³¡-Çï¼¾,
122,56,µÆ¹âÕÖÍø,,,squid+pelagic,34,0.99,frigate.tuna,Auxis thazard,0.15,fish,ÉÏÉıÁ÷Óæ³¡-Çï¼¾,
122,56,µÆ¹âÕÖÍø,,,squid+pelagic,34,0.99,skipjack.tuna,Katsuwonus pelamis,0.02,fish,ÉÏÉıÁ÷Óæ³¡-Çï¼¾,
122,56,µÆ¹âÕÖÍø,,,squid+pelagic,34,0.99,Pacific pomfret,B.japonica,0.28,fish,ÉÏÉıÁ÷Óæ³¡-Çï¼¾,
122,56,µÆ¹âÕÖÍø,,,squid+pelagic,34,0.99,shadow.driftfish,Cubiceps whiteleggii,0.02,fish,ÉÏÉıÁ÷Óæ³¡-Çï¼¾,
122,56,µÆ¹âÕÖÍø,,,squid+pelagic,34,0.99,trash.fish,,0.01,trash.fish,ÉÏÉıÁ÷Óæ³¡-Çï¼¾,
123,56,µÆ¹âÕÖÍø,,,squid+pelagic,38,0.96,kite.squid,Symplectoteuthis oualaniensis,0.66,cephalopods,µº½¸ÇøÓæ³¡-´º¼¾,
123,56,µÆ¹âÕÖÍø,,,squid+pelagic,38,0.96,mackerel.scad,Decapterus macarellus,0.15,fish,µº½¸ÇøÓæ³¡-´º¼¾,
123,56,µÆ¹âÕÖÍø,,,squid+pelagic,38,0.96,frigate.tuna,Auxis tapeinosoma,0.02,fish,µº½¸ÇøÓæ³¡-´º¼¾,
123,56,µÆ¹âÕÖÍø,,,squid+pelagic,38,0.96,frigate.tuna,Auxis thazard,0.01,fish,µº½¸ÇøÓæ³¡-´º¼¾,
123,56,µÆ¹âÕÖÍø,,,squid+pelagic,38,0.96,skipjack.tuna,Katsuwonus pelamis,0.03,fish,µº½¸ÇøÓæ³¡-´º¼¾,
123,56,µÆ¹âÕÖÍø,,,squid+pelagic,38,0.96,Kawakawa,Euthynnus yaito,0.06,fish,µº½¸ÇøÓæ³¡-´º¼¾,
123,56,µÆ¹âÕÖÍø,,,squid+pelagic,38,0.96,blue.and.gold.fusilier,Caesio coerulaureus?,0.03,fish,µº½¸ÇøÓæ³¡-´º¼¾,
123,56,µÆ¹âÕÖÍø,,,squid+pelagic,38,0.96,trash.fish,,0.04,trash.fish,µº½¸ÇøÓæ³¡-´º¼¾,
124,56,µÆ¹âÕÖÍø,,,squid+pelagic,43,0.99,kite.squid,Symplectoteuthis oualaniensis,0.54,cephalopods,µº½¸ÇøÓæ³¡-Çï¼¾,
124,56,µÆ¹âÕÖÍø,,,squid+pelagic,43,0.99,mackerel.scad,Decapterus macarellus,0.06,fish,µº½¸ÇøÓæ³¡-Çï¼¾,
124,56,µÆ¹âÕÖÍø,,,squid+pelagic,43,0.99,frigate.tuna,Auxis tapeinosoma,0.06,fish,µº½¸ÇøÓæ³¡-Çï¼¾,
124,56,µÆ¹âÕÖÍø,,,squid+pelagic,43,0.99,frigate.tuna,Auxis thazard,0.14,fish,µº½¸ÇøÓæ³¡-Çï¼¾,
124,56,µÆ¹âÕÖÍø,,,squid+pelagic,43,0.99,skipjack.tuna,Katsuwonus pelamis,0.06,fish,µº½¸ÇøÓæ³¡-Çï¼¾,
124,56,µÆ¹âÕÖÍø,,,squid+pelagic,43,0.99,Kawakawa,Euthynnus yaito,0.02,fish,µº½¸ÇøÓæ³¡-Çï¼¾,
124,56,µÆ¹âÕÖÍø,,,squid+pelagic,43,0.99,Pacific pomfret,B.japonica,0.11,fish,µº½¸ÇøÓæ³¡-Çï¼¾,
124,56,µÆ¹âÕÖÍø,,,squid+pelagic,43,0.99,trash.fish,,0.01,trash.fish,µº½¸ÇøÓæ³¡-Çï¼¾,
125,57,µ¥¸ËÏºÍÏÍø,,,shrimp,29,0.14,greasy-back.shrimp,Metapenaeus ensis,0.03,shrimp,µ¥¸ËÏºÍÏÍø,
125,57,µ¥¸ËÏºÍÏÍø,,,shrimp,29,0.14,Shiba.shrimp,Metapenaeus joyneri,0.03,shrimp,µ¥¸ËÏºÍÏÍø,
125,57,µ¥¸ËÏºÍÏÍø,,,shrimp,29,0.14,Kuruma.prawn,Marsupenaeus japonicus,0.04,shrimp,µ¥¸ËÏºÍÏÍø,
125,57,µ¥¸ËÏºÍÏÍø,,,shrimp,29,0.14,jinga.shrimp,Metapenaeus affinis,0.02,shrimp,µ¥¸ËÏºÍÏÍø,
125,57,µ¥¸ËÏºÍÏÍø,,,shrimp,29,0.14,c.t.sole,Cynoglossus trigrammus,0.05,fish,µ¥¸ËÏºÍÏÍø,
125,57,µ¥¸ËÏºÍÏÍø,,,shrimp,29,0.14,greater.lizardfish,Saurida tumbil,0.03,fish,µ¥¸ËÏºÍÏÍø,
125,57,µ¥¸ËÏºÍÏÍø,,,shrimp,29,0.14,Japanese.sillago,Sillago japonica,0.02,fish,µ¥¸ËÏºÍÏÍø,
125,57,µ¥¸ËÏºÍÏÍø,,,shrimp,29,0.14,tigertooth.croaker,Otolithes argenteus,0.02,fish,µ¥¸ËÏºÍÏÍø,
125,57,µ¥¸ËÏºÍÏÍø,,,shrimp,29,0.14,sixbar.grouper,Epinephelus sexfasciatus,0.02,fish,µ¥¸ËÏºÍÏÍø,
125,57,µ¥¸ËÏºÍÏÍø,,,shrimp,29,0.14,crimson.sea.bream,Parargyrops edita,0.01,fish,µ¥¸ËÏºÍÏÍø,
125,57,µ¥¸ËÏºÍÏÍø,,,shrimp,29,0.14,daggertooth.pike.conger,Muraenesox cinereus,0.03,fish,µ¥¸ËÏºÍÏÍø,
125,57,µ¥¸ËÏºÍÏÍø,,,shrimp,29,0.14,notched.flathead,Onigocia macrolepis,0.01,fish,µ¥¸ËÏºÍÏÍø,
125,57,µ¥¸ËÏºÍÏÍø,,,shrimp,29,0.14,flathead.grey.mullet,Mugil cephalus,0.01,fish,µ¥¸ËÏºÍÏÍø,
125,57,µ¥¸ËÏºÍÏÍø,,,shrimp,29,0.14,spotted.scat,Scatophagus argus,0.01,fish,µ¥¸ËÏºÍÏÍø,
125,57,µ¥¸ËÏºÍÏÍø,,,shrimp,29,0.14,red-spotted.swimming.crab,Portunus sanguinolentus,0.13,crab,µ¥¸ËÏºÍÏÍø,
125,57,µ¥¸ËÏºÍÏÍø,,,shrimp,29,0.14,swimming.crab,Portunus trituberculatus,0.11,crab,µ¥¸ËÏºÍÏÍø,
125,57,µ¥¸ËÏºÍÏÍø,,,shrimp,29,0.14,pelagic.swimming.crab,Portunus pelagicus,0.05,crab,µ¥¸ËÏºÍÏÍø,
125,57,µ¥¸ËÏºÍÏÍø,,,shrimp,29,0.14,E.a.crab,Eucrate alcocki,0.02,crab,µ¥¸ËÏºÍÏÍø,
125,57,µ¥¸ËÏºÍÏÍø,,,shrimp,29,0.14,giant.harpiosquillid.mantis.shrimp,Harpiosquilla raphidea,0.02,shrimp,µ¥¸ËÏºÍÏÍø,
125,57,µ¥¸ËÏºÍÏÍø,,,shrimp,29,0.14,trash.fish,,0.34,trash.fish,µ¥¸ËÏºÍÏÍø,
126,57,Ë«¸ËÏºÍÏÍø,,,shrimp,21,0.44,greasy-back.shrimp,Metapenaeus ensis,0.27,shrimp,Ë«¸ËÏºÍÏÍø,
126,57,Ë«¸ËÏºÍÏÍø,,,shrimp,21,0.44,Shiba.shrimp,Metapenaeus joyneri,0.14,shrimp,Ë«¸ËÏºÍÏÍø,
126,57,Ë«¸ËÏºÍÏÍø,,,shrimp,21,0.44,shrimp.scad,Caranx kalla,0.08,fish,Ë«¸ËÏºÍÏÍø,
126,57,Ë«¸ËÏºÍÏÍø,,,shrimp,21,0.44,white-spotted.spinefoot,Siganus oramin,0.05,fish,Ë«¸ËÏºÍÏÍø,
126,57,Ë«¸ËÏºÍÏÍø,,,shrimp,21,0.44,blackspot.threadfin,Polynemus sextarius,0.04,fish,Ë«¸ËÏºÍÏÍø,
126,57,Ë«¸ËÏºÍÏÍø,,,shrimp,21,0.44,striped.eel.catfish,Plotosus anguillaris,0.02,fish,Ë«¸ËÏºÍÏÍø,
126,57,Ë«¸ËÏºÍÏÍø,,,shrimp,21,0.44,giant.harpiosquillid.mantis.shrimp,Harpiosquilla raphidea,0.03,shrimp,Ë«¸ËÏºÍÏÍø,
126,57,Ë«¸ËÏºÍÏÍø,,,shrimp,21,0.44,trash.fish,,0.37,trash.fish,Ë«¸ËÏºÍÏÍø,
127,58,Ë«ÍÏÍø,,,NA,32,NA,Japanese.Spanish.mackerel,Scomberomorus niphonius,0.06,fish,,
127,58,Ë«ÍÏÍø,,,NA,32,NA,silver.pomfret,Pampus argenteus,0.01,fish,,
127,58,Ë«ÍÏÍø,,,NA,32,NA,small.yellow.croaker,Larimichthys polyactis,0.01,fish,,
127,58,Ë«ÍÏÍø,,,NA,32,NA,Japanese.scad,Decapterus maruadsi,0.03,fish,,
127,58,Ë«ÍÏÍø,,,NA,32,NA,common.hairfin.anchovy,Setipinna tenuifilis,0.16,fish,,
127,58,Ë«ÍÏÍø,,,NA,32,NA,Japanese.anchovy,Engraulis japonicus,0.5,fish,,
127,58,Ë«ÍÏÍø,,,NA,32,NA,trash.fish,,0.23,trash.fish,,
128,59,ÍÏÍø,,,NA,22,NA,Japanese.anchovy,Engraulis japonicus,0.04,fish,2013,
128,59,ÍÏÍø,,,NA,22,NA,l.c.snailfish,Liparis chefuensis,0.15,fish,2013,
128,59,ÍÏÍø,,,NA,22,NA,Japanese.Spanish.mackerel,Scomberomorus niphonius,0.09,fish,2013,
128,59,ÍÏÍø,,,NA,22,NA,mantis.shrimp,Oratosquilla oratoria,0.22,shrimp,2013,
128,59,ÍÏÍø,,,NA,22,NA,long.arm.octopus,Octopus variabilis,0.13,cephalopods,2013,
128,59,ÍÏÍø,,,NA,22,NA,yellow.goosefish,Lophius litulon,0.02,fish,2013,
128,59,ÍÏÍø,,,NA,22,NA,chub.mackerel,Scomber japonicus,0.09,fish,2013,
128,59,ÍÏÍø,,,NA,22,NA,Japanese.flying.squid,Todarodes pacificus,0.07,cephalopods,2013,
128,59,ÍÏÍø,,,NA,22,NA,white-hair.rough.shrimp,Trachypenaeus curvirostris,0.02,shrimp,2013,
128,59,ÍÏÍø,,,NA,22,NA,pointhead.flounder,Cleisthenes herzensteini,0.07,fish,2013,
128,59,ÍÏÍø,,,NA,22,NA,swimming.crab,Portunus trituberculatus,0.03,crab,2013,
128,59,ÍÏÍø,,,NA,22,NA,whitespotted.conger,Astroconger myriaster,0.02,fish,2013,
128,59,ÍÏÍø,,,NA,22,NA,bartail.flathead,Platycephalus?indicus,0.02,fish,2013,
128,59,ÍÏÍø,,,NA,22,NA,black.scraper,Thamnaconus modestus,0.02,fish,2013,
128,59,ÍÏÍø,,,NA,22,NA,trash.fish,,0.01,trash.fish,2013,
129,59,ÍÏÍø,,,NA,29,NA,Japanese.anchovy,Engraulis japonicus,0.65,fish,2014,
129,59,ÍÏÍø,,,NA,29,NA,Japanese.Spanish.mackerel,Scomberomorus niphonius,0.1,fish,2014,
129,59,ÍÏÍø,,,NA,29,NA,mantis.shrimp,Oratosquilla oratoria,0.1,shrimp,2014,
129,59,ÍÏÍø,,,NA,29,NA,long.arm.octopus,Octopus variabilis,0.03,cephalopods,2014,
129,59,ÍÏÍø,,,NA,29,NA,yellow.goosefish,Lophius litulon,0.02,fish,2014,
129,59,ÍÏÍø,,,NA,29,NA,Japanese.squid,Loligo japonica,0.02,cephalopods,2014,
129,59,ÍÏÍø,,,NA,29,NA,chub.mackerel,Scomber japonicus,0.01,fish,2014,
129,59,ÍÏÍø,,,NA,29,NA,Japanese.flying.squid,Todarodes pacificus,0.01,cephalopods,2014,
129,59,ÍÏÍø,,,NA,29,NA,Pacific.cod,Gadus macrocephalus,0.01,fish,2014,
129,59,ÍÏÍø,,,NA,29,NA,white-hair.rough.shrimp,Trachypenaeus curvirostris,0.01,shrimp,2014,
129,59,ÍÏÍø,,,NA,29,NA,l.m.gurnards,Lepidotrigla microptera,0.01,fish,2014,
129,59,ÍÏÍø,,,NA,29,NA,trash.fish,,0.03,trash.fish,2014,
130,59,ÍÏÍø,,,NA,29,NA,Japanese.anchovy,Engraulis japonicus,0.45,fish,2015,
130,59,ÍÏÍø,,,NA,29,NA,silver.pomfret,Pampus argenteus,0.2,fish,2015,
130,59,ÍÏÍø,,,NA,29,NA,l.c.snailfish,Liparis chefuensis,0.1,fish,2015,
130,59,ÍÏÍø,,,NA,29,NA,Japanese.Spanish.mackerel,Scomberomorus niphonius,0.06,fish,2015,
130,59,ÍÏÍø,,,NA,29,NA,yellow.goosefish,Lophius litulon,0.02,fish,2015,
130,59,ÍÏÍø,,,NA,29,NA,bastard.halibut,Paralichthys olivaceus,0.02,fish,2015,
130,59,ÍÏÍø,,,NA,29,NA,Japanese.flying.squid,Todarodes pacificus,0.03,cephalopods,2015,
130,59,ÍÏÍø,,,NA,29,NA,whitespotted.conger,Astroconger myriaster,0.06,fish,2015,
130,59,ÍÏÍø,,,NA,29,NA,small.yellow.croaker,Larimichthys polyactis,0.01,fish,2015,
130,59,ÍÏÍø,,,NA,29,NA,black.scraper,Thamnaconus modestus,0.02,fish,2015,
130,59,ÍÏÍø,,,NA,29,NA,trash.fish,,0.03,trash.fish,2015,
131,60,ÏºÍÏÍø,,,shrimp,34,0.52,bali.sardinella,Harengula nymphaea,0.02,fish,,·½Ä¿ÁâÄ¿»ìºÏÍøÄÒ
131,60,ÏºÍÏÍø,,,shrimp,34,0.52,striped.eel.catfish,Plotosus anguillaris,0.06,fish,,·½Ä¿ÁâÄ¿»ìºÏÍøÄÒ
131,60,ÏºÍÏÍø,,,shrimp,34,0.52,largescaled.terapon,Terapon theraps,0.01,fish,,·½Ä¿ÁâÄ¿»ìºÏÍøÄÒ
131,60,ÏºÍÏÍø,,,shrimp,34,0.52,blackspot.threadfin,Polynemus sextarius,0.06,fish,,·½Ä¿ÁâÄ¿»ìºÏÍøÄÒ
131,60,ÏºÍÏÍø,,,shrimp,34,0.52,giant.harpiosquillid.mantis.shrimp,Harpiosquilla raphidea,0.1,shrimp,,·½Ä¿ÁâÄ¿»ìºÏÍøÄÒ
131,60,ÏºÍÏÍø,,,shrimp,34,0.52,shrimp.scad,Caranx kalla,0.06,fish,,·½Ä¿ÁâÄ¿»ìºÏÍøÄÒ
131,60,ÏºÍÏÍø,,,shrimp,34,0.52,white-spotted.spinefoot,Siganus oramin,0.09,fish,,·½Ä¿ÁâÄ¿»ìºÏÍøÄÒ
131,60,ÏºÍÏÍø,,,shrimp,34,0.52,Shiba.shrimp,Metapenaeus joyneri,0.18,shrimp,,·½Ä¿ÁâÄ¿»ìºÏÍøÄÒ
131,60,ÏºÍÏÍø,,,shrimp,34,0.52,greasy-back.shrimp,Metapenaeus ensis,0.33,shrimp,,·½Ä¿ÁâÄ¿»ìºÏÍøÄÒ
131,60,ÏºÍÏÍø,,,shrimp,34,0.52,trash.fish,,0.09,trash.fish,,·½Ä¿ÁâÄ¿»ìºÏÍøÄÒ
132,61,ÍÏÍø,,,NA,35,NA,NA,NA,NA,NA,2012-´º,index.available
133,61,ÍÏÍø,,,NA,36,NA,NA,NA,NA,NA,2011-Çï,index.available
134,62,ÍÏÍø,,,NA,25,NA,NA,NA,NA,NA,´º,index.available
135,62,ÍÏÍø,,,NA,43,NA,NA,NA,NA,NA,ÏÄ,index.available
136,62,ÍÏÍø,,,NA,34,NA,NA,NA,NA,NA,Çï,index.available
137,62,ÍÏÍø,,,NA,27,NA,NA,NA,NA,NA,¶¬,index.available
138,63,ÉîË®ÕÅÍø,,,Osbeck's grenadier anchovy,26,0.04,Osbeck's.grenadier.anchovy,Coilia mystus,0.04,fish,,
138,63,ÉîË®ÕÅÍø,,,Osbeck's grenadier anchovy,26,0.04,o.l.goby,Odontamblyopus lacepedii?,0.01,fish,,
138,63,ÉîË®ÕÅÍø,,,Osbeck's grenadier anchovy,26,0.04,small.yellow.croaker,Larimichthys polyactis,0.56,fish,,
138,63,ÉîË®ÕÅÍø,,,Osbeck's grenadier anchovy,26,0.04,light.maigre,collichthys lucidus,0.24,fish,,
138,63,ÉîË®ÕÅÍø,,,Osbeck's grenadier anchovy,26,0.04,red.tonguesole,Cynoglossus joyneri,0.02,fish,,
138,63,ÉîË®ÕÅÍø,,,Osbeck's grenadier anchovy,26,0.04,yellowfin.pufferfish,Takifugu xanthopterus,0.05,fish,,
138,63,ÉîË®ÕÅÍø,,,Osbeck's grenadier anchovy,26,0.04,Bombay-duck,Harpodon nehereus,0.04,fish,,
138,63,ÉîË®ÕÅÍø,,,Osbeck's grenadier anchovy,26,0.04,trash.fish,,0.04,trash.fish,,
139,64,Á÷´ÌÍø,,,NA,65,NA,NA,NA,NA,NA,,
140,65,¹âÓÕ·óÍø,,,squid+pelagic,27,0.81,chub.mackerel,Scomber japonicus,0.29,fish,,
140,65,¹âÓÕ·óÍø,,,squid+pelagic,27,0.81,frigate.tuna,Auxis thazard,0.28,fish,,
140,65,¹âÓÕ·óÍø,,,squid+pelagic,27,0.81,Japanese.scad,Decapterus maruadsi,0.16,fish,,
140,65,¹âÓÕ·óÍø,,,squid+pelagic,27,0.81,Japanese.squid,Loligo chinensis,0.08,cephalopods,,
140,65,¹âÓÕ·óÍø,,,squid+pelagic,27,0.81,trash.fish,,0.19,trash.fish,,
